,lat,lon,value
0,18.062499999999915,-73.64583333333334,5488.213461430229
1,18.062499999999915,-73.60416666666667,5850.256117519377
2,18.604166666666583,-73.77083333333334,2084.8639896083278
3,18.604166666666583,-73.72916666666667,1880.8645275596134
4,19.937499999999925,-72.85416666666649,42742.524090011095
5,19.937499999999925,-72.81249999999982,88413.28307389979
6,19.937499999999925,-72.77083333333314,40603.46196896025
7,19.895833333333258,-73.18749999999986,5945.053758864195
8,19.895833333333258,-73.14583333333319,6525.803348879938
9,19.895833333333258,-73.10416666666652,5908.614753706863
10,19.895833333333258,-73.06249999999984,4775.897751764421
11,19.895833333333258,-73.02083333333317,4483.516110840308
12,19.895833333333258,-72.9791666666665,2851.028017233811
13,19.895833333333258,-72.93749999999983,2937.7529622863544
14,19.895833333333258,-72.89583333333316,3675.90250842417
15,19.895833333333258,-72.85416666666649,14428.874539573657
16,19.895833333333258,-72.81249999999982,55086.95655088406
17,19.895833333333258,-72.77083333333314,31723.927020891013
18,19.895833333333258,-72.72916666666647,44695.251020865246
19,19.895833333333258,-72.6874999999998,22200.80454236676
20,19.895833333333258,-72.64583333333313,8704.554900887224
21,19.85416666666659,-73.2708333333332,4847.6854395712535
22,19.85416666666659,-73.22916666666653,9245.630365545085
23,19.85416666666659,-73.18749999999986,10593.147345992638
24,19.85416666666659,-73.14583333333319,7025.758711895058
25,19.85416666666659,-73.10416666666652,6336.625345140473
26,19.85416666666659,-73.06249999999984,5787.916817369982
27,19.85416666666659,-73.02083333333317,5243.30132887713
28,19.85416666666659,-72.9791666666665,3393.005505259343
29,19.85416666666659,-72.93749999999983,3068.3632875843387
30,19.85416666666659,-72.89583333333316,3469.142399730213
31,19.85416666666659,-72.85416666666649,7115.286796767787
32,19.85416666666659,-72.81249999999982,15036.959525835768
33,19.85416666666659,-72.77083333333314,11838.488983811323
34,19.85416666666659,-72.72916666666647,19855.648508938157
35,19.85416666666659,-72.6874999999998,18655.02741343362
36,19.85416666666659,-72.64583333333313,10340.053968231174
37,19.85416666666659,-72.60416666666646,13150.955338002355
38,19.85416666666659,-72.56249999999979,9518.62182699027
39,19.812499999999922,-73.35416666666654,2149.3337887991593
40,19.812499999999922,-73.31249999999987,7287.2250576257775
41,19.812499999999922,-73.2708333333332,14959.48258593322
42,19.812499999999922,-73.22916666666653,19030.485023880283
43,19.812499999999922,-73.18749999999986,15740.269501865601
44,19.812499999999922,-73.14583333333319,8368.079038853131
45,19.812499999999922,-73.10416666666652,6584.1652072987
46,19.812499999999922,-73.06249999999984,5769.13120903411
47,19.812499999999922,-73.02083333333317,6199.409848506726
48,19.812499999999922,-72.9791666666665,6000.38309487385
49,19.812499999999922,-72.93749999999983,4890.534671072182
50,19.812499999999922,-72.89583333333316,5031.88469321124
51,19.812499999999922,-72.85416666666649,4650.857456004961
52,19.812499999999922,-72.81249999999982,6727.168636860972
53,19.812499999999922,-72.77083333333314,5533.958270511058
54,19.812499999999922,-72.72916666666647,6609.1044718128605
55,19.812499999999922,-72.6874999999998,8122.558710146792
56,19.812499999999922,-72.64583333333313,7626.376177176313
57,19.812499999999922,-72.60416666666646,9933.519548248436
58,19.812499999999922,-72.56249999999979,10227.780958342864
59,19.812499999999922,-72.52083333333312,9133.468522635778
60,19.812499999999922,-72.47916666666644,6476.018264558604
61,19.812499999999922,-72.43749999999977,5034.066546563628
62,19.770833333333254,-73.43749999999989,1383.9187285557634
63,19.770833333333254,-73.39583333333321,2650.0181816403497
64,19.770833333333254,-73.35416666666654,3151.5155837102266
65,19.770833333333254,-73.31249999999987,6159.363555436529
66,19.770833333333254,-73.2708333333332,8225.155359514925
67,19.770833333333254,-73.22916666666653,15252.122408138277
68,19.770833333333254,-73.18749999999986,13311.438566676123
69,19.770833333333254,-73.14583333333319,10474.619985198682
70,19.770833333333254,-73.10416666666652,7469.999682263106
71,19.770833333333254,-73.06249999999984,5864.691310854481
72,19.770833333333254,-73.02083333333317,6511.530878224243
73,19.770833333333254,-72.9791666666665,7051.816896219618
74,19.770833333333254,-72.93749999999983,10322.835975410808
75,19.770833333333254,-72.89583333333316,17529.717918414528
76,19.770833333333254,-72.85416666666649,8375.816421703305
77,19.770833333333254,-72.81249999999982,4225.124579304185
78,19.770833333333254,-72.77083333333314,5328.257873127815
79,19.770833333333254,-72.72916666666647,6184.534417823613
80,19.770833333333254,-72.6874999999998,10849.963206435066
81,19.770833333333254,-72.64583333333313,11030.923714864317
82,19.770833333333254,-72.60416666666646,8179.072618929083
83,19.770833333333254,-72.56249999999979,10063.663052790389
84,19.770833333333254,-72.52083333333312,8727.607548989608
85,19.770833333333254,-72.47916666666644,7505.7801439035175
86,19.770833333333254,-72.43749999999977,22645.000401496953
87,19.770833333333254,-72.3958333333331,13836.436708385128
88,19.770833333333254,-72.35416666666643,5393.297000307128
89,19.770833333333254,-72.22916666666642,42439.77612829496
90,19.729166666666586,-73.43749999999989,2451.7287148011865
91,19.729166666666586,-73.39583333333321,5131.787557233099
92,19.729166666666586,-73.35416666666654,5266.6596861717735
93,19.729166666666586,-73.31249999999987,4534.333517506515
94,19.729166666666586,-73.2708333333332,2106.964468368818
95,19.729166666666586,-73.22916666666653,2984.7065108743873
96,19.729166666666586,-73.18749999999986,7557.601678390936
97,19.729166666666586,-73.14583333333319,8895.957855322387
98,19.729166666666586,-73.10416666666652,6687.559761686417
99,19.729166666666586,-73.06249999999984,3053.436905369182
100,19.729166666666586,-73.02083333333317,3229.9811444459738
101,19.729166666666586,-72.9791666666665,4497.866317825523
102,19.729166666666586,-72.93749999999983,7381.725850914345
103,19.729166666666586,-72.89583333333316,17562.945567326962
104,19.729166666666586,-72.85416666666649,14930.068447735277
105,19.729166666666586,-72.81249999999982,5980.135801875652
106,19.729166666666586,-72.77083333333314,5679.683679943266
107,19.729166666666586,-72.72916666666647,8047.955194984126
108,19.729166666666586,-72.6874999999998,26840.975468346693
109,19.729166666666586,-72.64583333333313,25994.27458944371
110,19.729166666666586,-72.60416666666646,8329.27451316071
111,19.729166666666586,-72.56249999999979,8276.280892046847
112,19.729166666666586,-72.52083333333312,6634.103750384527
113,19.729166666666586,-72.47916666666644,7399.02923286351
114,19.729166666666586,-72.43749999999977,34530.36801701915
115,19.729166666666586,-72.3958333333331,21526.53009236
116,19.729166666666586,-72.35416666666643,6684.202599476309
117,19.729166666666586,-72.27083333333309,32934.709422722684
118,19.729166666666586,-72.22916666666642,121660.6391528168
119,19.729166666666586,-72.18749999999974,81957.80049203853
120,19.729166666666586,-72.14583333333307,18940.51871555409
121,19.729166666666586,-71.93749999999972,1098.593069261794
122,19.68749999999992,-73.43749999999989,3522.387757662471
123,19.68749999999992,-73.39583333333321,6807.388098357837
124,19.68749999999992,-73.35416666666654,5448.397155117316
125,19.68749999999992,-73.31249999999987,4273.058088978864
126,19.68749999999992,-73.2708333333332,1763.355391848698
127,19.68749999999992,-73.22916666666653,2048.841659232803
128,19.68749999999992,-73.18749999999986,2891.1705744633623
129,19.68749999999992,-73.14583333333319,2863.8974075585024
130,19.68749999999992,-73.10416666666652,1996.087490180597
131,19.68749999999992,-73.06249999999984,830.1940425945797
132,19.68749999999992,-73.02083333333317,770.9857946450117
133,19.68749999999992,-72.9791666666665,791.1152244648364
134,19.68749999999992,-72.93749999999983,1007.036086327532
135,19.68749999999992,-72.89583333333316,3837.902199691946
136,19.68749999999992,-72.85416666666649,6548.984483454431
137,19.68749999999992,-72.81249999999982,6172.009604855941
138,19.68749999999992,-72.77083333333314,5889.1649629493395
139,19.68749999999992,-72.72916666666647,8366.512228895443
140,19.68749999999992,-72.6874999999998,25159.739244721193
141,19.68749999999992,-72.64583333333313,11698.238145316105
142,19.68749999999992,-72.60416666666646,8775.233738356392
143,19.68749999999992,-72.56249999999979,14786.292488224717
144,19.68749999999992,-72.52083333333312,11103.705863798536
145,19.68749999999992,-72.47916666666644,9607.579576927244
146,19.68749999999992,-72.43749999999977,50360.88416133191
147,19.68749999999992,-72.3958333333331,28607.558931765023
148,19.68749999999992,-72.35416666666643,9040.586095005305
149,19.68749999999992,-72.31249999999976,14907.195439026496
150,19.68749999999992,-72.27083333333309,16449.203882586735
151,19.68749999999992,-72.22916666666642,17466.48646298074
152,19.68749999999992,-72.18749999999974,12927.251931704268
153,19.68749999999992,-72.14583333333307,10670.567896847866
154,19.68749999999992,-72.1041666666664,12491.410512713497
155,19.68749999999992,-72.06249999999973,7660.87821855819
156,19.68749999999992,-72.02083333333306,2793.935717937576
157,19.68749999999992,-71.97916666666639,1794.146631137985
158,19.68749999999992,-71.93749999999972,3452.008990480829
159,19.68749999999992,-71.8124999999997,4459.444029318152
160,19.68749999999992,-71.77083333333303,3675.185561965382
161,19.64583333333325,-73.39583333333321,3809.8357597249606
162,19.64583333333325,-73.35416666666654,4144.427422020734
163,19.64583333333325,-73.31249999999987,3368.454922392783
164,19.64583333333325,-73.2708333333332,937.3250258829995
165,19.64583333333325,-73.22916666666653,567.065831083546
166,19.64583333333325,-73.18749999999986,1209.3967416884984
167,19.64583333333325,-73.14583333333319,1689.5374969488778
168,19.64583333333325,-73.10416666666652,653.6652601584376
169,19.64583333333325,-73.06249999999984,600.9989976032147
170,19.64583333333325,-73.02083333333317,743.3330086180125
171,19.64583333333325,-72.9791666666665,1224.4771868365121
172,19.64583333333325,-72.93749999999983,3701.659414124476
173,19.64583333333325,-72.89583333333316,9292.231885366275
174,19.64583333333325,-72.85416666666649,7064.6091543831535
175,19.64583333333325,-72.81249999999982,5785.828005945671
176,19.64583333333325,-72.77083333333314,6106.690143555664
177,19.64583333333325,-72.72916666666647,6418.835340007746
178,19.64583333333325,-72.6874999999998,9296.271757827868
179,19.64583333333325,-72.64583333333313,8136.420749093775
180,19.64583333333325,-72.60416666666646,5742.821690670064
181,19.64583333333325,-72.56249999999979,14001.811284135028
182,19.64583333333325,-72.52083333333312,13743.549447407742
183,19.64583333333325,-72.47916666666644,12338.925667623214
184,19.64583333333325,-72.43749999999977,9337.372123304047
185,19.64583333333325,-72.3958333333331,17965.386142474243
186,19.64583333333325,-72.35416666666643,8491.054689922847
187,19.64583333333325,-72.31249999999976,9823.409461103773
188,19.64583333333325,-72.27083333333309,12096.584875627923
189,19.64583333333325,-72.22916666666642,9456.992626058201
190,19.64583333333325,-72.18749999999974,10305.117731184931
191,19.64583333333325,-72.14583333333307,8785.498156084337
192,19.64583333333325,-72.1041666666664,17324.569730916115
193,19.64583333333325,-72.06249999999973,14896.9970770397
194,19.64583333333325,-72.02083333333306,6732.812374939923
195,19.64583333333325,-71.97916666666639,3337.4504116709522
196,19.64583333333325,-71.93749999999972,3861.083737045349
197,19.64583333333325,-71.89583333333304,2431.258483676619
198,19.64583333333325,-71.85416666666637,2170.528216402884
199,19.64583333333325,-71.8124999999997,5496.002802759718
200,19.64583333333325,-71.77083333333303,4992.274609699956
201,19.604166666666583,-73.02083333333317,361.7981441174416
202,19.604166666666583,-72.9791666666665,5858.19166759299
203,19.604166666666583,-72.93749999999983,13136.950715321434
204,19.604166666666583,-72.89583333333316,14153.832933479467
205,19.604166666666583,-72.85416666666649,11194.685563860854
206,19.604166666666583,-72.81249999999982,5269.2398878655895
207,19.604166666666583,-72.77083333333314,4282.591060207282
208,19.604166666666583,-72.72916666666647,7300.558650643588
209,19.604166666666583,-72.6874999999998,11974.666116416556
210,19.604166666666583,-72.64583333333313,8294.970639002273
211,19.604166666666583,-72.60416666666646,3853.717716349671
212,19.604166666666583,-72.56249999999979,4627.672696420283
213,19.604166666666583,-72.52083333333312,15298.881817291962
214,19.604166666666583,-72.47916666666644,29019.730645364165
215,19.604166666666583,-72.43749999999977,6461.200834038448
216,19.604166666666583,-72.3958333333331,4211.767222330718
217,19.604166666666583,-72.35416666666643,4298.296215443824
218,19.604166666666583,-72.31249999999976,5177.953673053193
219,19.604166666666583,-72.27083333333309,9884.015603605885
220,19.604166666666583,-72.22916666666642,16213.193163932065
221,19.604166666666583,-72.18749999999974,12500.74128892938
222,19.604166666666583,-72.14583333333307,6165.577225672324
223,19.604166666666583,-72.1041666666664,7790.566582932486
224,19.604166666666583,-72.06249999999973,13453.324687543634
225,19.604166666666583,-72.02083333333306,11467.667358612214
226,19.604166666666583,-71.97916666666639,5006.307426904539
227,19.604166666666583,-71.93749999999972,5213.2109248902525
228,19.604166666666583,-71.89583333333304,2782.9696593494023
229,19.604166666666583,-71.85416666666637,2884.0627350486297
230,19.604166666666583,-71.8124999999997,9644.891403981312
231,19.604166666666583,-71.77083333333303,10422.767839514147
232,19.562499999999915,-72.89583333333316,10779.901426255148
233,19.562499999999915,-72.85416666666649,12786.331674661573
234,19.562499999999915,-72.81249999999982,6683.449402915672
235,19.562499999999915,-72.77083333333314,4288.643618879304
236,19.562499999999915,-72.72916666666647,11703.044103263437
237,19.562499999999915,-72.6874999999998,16113.466717072539
238,19.562499999999915,-72.64583333333313,12260.820392621952
239,19.562499999999915,-72.60416666666646,5262.505827278809
240,19.562499999999915,-72.56249999999979,2994.5280731914127
241,19.562499999999915,-72.52083333333312,4795.66251562912
242,19.562499999999915,-72.47916666666644,10505.151432091385
243,19.562499999999915,-72.43749999999977,8445.78797940751
244,19.562499999999915,-72.3958333333331,7202.2258188106925
245,19.562499999999915,-72.35416666666643,8569.553077139712
246,19.562499999999915,-72.31249999999976,6332.266874561517
247,19.562499999999915,-72.27083333333309,11837.37973069475
248,19.562499999999915,-72.22916666666642,13998.029995733288
249,19.562499999999915,-72.18749999999974,22610.873750058665
250,19.562499999999915,-72.14583333333307,5899.034254567133
251,19.562499999999915,-72.1041666666664,5292.125382720561
252,19.562499999999915,-72.06249999999973,8114.916383119243
253,19.562499999999915,-72.02083333333306,11191.716277740528
254,19.562499999999915,-71.97916666666639,5239.659804756962
255,19.562499999999915,-71.93749999999972,6547.909466545159
256,19.562499999999915,-71.89583333333304,4575.079437542394
257,19.562499999999915,-71.85416666666637,4771.731809504174
258,19.562499999999915,-71.8124999999997,20889.23719070158
259,19.562499999999915,-71.77083333333303,33263.42856851895
260,19.562499999999915,-71.72916666666636,18917.71176258646
261,19.520833333333247,-72.81249999999982,10189.0215438883
262,19.520833333333247,-72.77083333333314,10139.324265369221
263,19.520833333333247,-72.72916666666647,13804.054895182497
264,19.520833333333247,-72.6874999999998,16183.358524552677
265,19.520833333333247,-72.64583333333313,12658.260870387552
266,19.520833333333247,-72.60416666666646,5435.792591925577
267,19.520833333333247,-72.56249999999979,5449.399269043981
268,19.520833333333247,-72.52083333333312,4412.167854823665
269,19.520833333333247,-72.47916666666644,6479.099523215752
270,19.520833333333247,-72.43749999999977,8330.057515360644
271,19.520833333333247,-72.3958333333331,8133.3378793209895
272,19.520833333333247,-72.35416666666643,9849.442673135949
273,19.520833333333247,-72.31249999999976,6937.349546832727
274,19.520833333333247,-72.27083333333309,12610.474375014817
275,19.520833333333247,-72.22916666666642,7873.4552602621525
276,19.520833333333247,-72.18749999999974,7072.999039066605
277,19.520833333333247,-72.14583333333307,4722.186781412861
278,19.520833333333247,-72.1041666666664,4042.919484044793
279,19.520833333333247,-72.06249999999973,3964.517763766191
280,19.520833333333247,-72.02083333333306,5052.591154166188
281,19.520833333333247,-71.97916666666639,5302.556148138101
282,19.520833333333247,-71.93749999999972,7235.873968904575
283,19.520833333333247,-71.89583333333304,4348.434939647638
284,19.520833333333247,-71.85416666666637,1799.7573413463615
285,19.520833333333247,-71.8124999999997,6964.135149867721
286,19.520833333333247,-71.77083333333303,12774.066251311575
287,19.520833333333247,-71.72916666666636,11207.826628559957
288,19.47916666666658,-72.77083333333314,11463.990792726925
289,19.47916666666658,-72.72916666666647,15338.317094756554
290,19.47916666666658,-72.6874999999998,25731.819018711427
291,19.47916666666658,-72.64583333333313,47121.92306110017
292,19.47916666666658,-72.60416666666646,25774.5973611243
293,19.47916666666658,-72.56249999999979,4831.604894391122
294,19.47916666666658,-72.52083333333312,6785.758870921382
295,19.47916666666658,-72.47916666666644,8047.474276966265
296,19.47916666666658,-72.43749999999977,7320.717735060621
297,19.47916666666658,-72.3958333333331,7604.558449210243
298,19.47916666666658,-72.35416666666643,8139.380368520275
299,19.47916666666658,-72.31249999999976,6867.911268404608
300,19.47916666666658,-72.27083333333309,5641.156668919444
301,19.47916666666658,-72.22916666666642,4305.437888286948
302,19.47916666666658,-72.18749999999974,3742.4448064934795
303,19.47916666666658,-72.14583333333307,6907.659102302916
304,19.47916666666658,-72.1041666666664,6444.269217022688
305,19.47916666666658,-72.06249999999973,5606.981281233116
306,19.47916666666658,-72.02083333333306,5156.931836212159
307,19.47916666666658,-71.97916666666639,3978.296830257832
308,19.47916666666658,-71.93749999999972,3801.562680925244
309,19.47916666666658,-71.89583333333304,3182.2214338707145
310,19.47916666666658,-71.85416666666637,1419.4049602028351
311,19.47916666666658,-71.8124999999997,2416.7433387279925
312,19.47916666666658,-71.77083333333303,3383.601423281943
313,19.47916666666658,-71.72916666666636,4527.234539227789
314,19.43749999999991,-72.6874999999998,40709.608711636116
315,19.43749999999991,-72.64583333333313,69669.4606332086
316,19.43749999999991,-72.60416666666646,53305.35587860649
317,19.43749999999991,-72.56249999999979,6220.0913371692905
318,19.43749999999991,-72.52083333333312,3594.688183021009
319,19.43749999999991,-72.47916666666644,6353.747879359302
320,19.43749999999991,-72.43749999999977,7632.831111978858
321,19.43749999999991,-72.3958333333331,7223.564239874539
322,19.43749999999991,-72.35416666666643,9849.146227858608
323,19.43749999999991,-72.31249999999976,10612.20120508219
324,19.43749999999991,-72.27083333333309,6466.363654099538
325,19.43749999999991,-72.22916666666642,5954.1799233940865
326,19.43749999999991,-72.18749999999974,5926.365623024406
327,19.43749999999991,-72.14583333333307,6309.800672551264
328,19.43749999999991,-72.1041666666664,9303.78439004658
329,19.43749999999991,-72.06249999999973,7291.360791467818
330,19.43749999999991,-72.02083333333306,5734.378639170567
331,19.43749999999991,-71.97916666666639,4299.706344405742
332,19.43749999999991,-71.93749999999972,3588.1921647697027
333,19.43749999999991,-71.89583333333304,3245.1731593519
334,19.43749999999991,-71.85416666666637,2081.5233413335054
335,19.43749999999991,-71.8124999999997,2773.9409673155924
336,19.43749999999991,-71.77083333333303,3964.7582227751213
337,19.43749999999991,-71.72916666666636,5355.034212247892
338,19.395833333333243,-72.6874999999998,18051.3407728625
339,19.395833333333243,-72.64583333333313,35627.02543153695
340,19.395833333333243,-72.60416666666646,24737.575391936887
341,19.395833333333243,-72.56249999999979,5567.4521562826285
342,19.395833333333243,-72.52083333333312,3198.3229235541357
343,19.395833333333243,-72.47916666666644,4237.502377969916
344,19.395833333333243,-72.43749999999977,9082.6950188707
345,19.395833333333243,-72.3958333333331,9201.240101936672
346,19.395833333333243,-72.35416666666643,10662.159484334581
347,19.395833333333243,-72.31249999999976,9495.009316203776
348,19.395833333333243,-72.27083333333309,6397.720864017544
349,19.395833333333243,-72.22916666666642,9464.730008908375
350,19.395833333333243,-72.18749999999974,9521.933475183612
351,19.395833333333243,-72.14583333333307,6978.8373856197795
352,19.395833333333243,-72.1041666666664,12128.127297583302
353,19.395833333333243,-72.06249999999973,9551.277529851313
354,19.395833333333243,-72.02083333333306,6333.308460821307
355,19.395833333333243,-71.97916666666639,5126.435833863486
356,19.395833333333243,-71.93749999999972,4065.370783235398
357,19.395833333333243,-71.89583333333304,3564.6501402923586
358,19.395833333333243,-71.85416666666637,3339.4874660054006
359,19.395833333333243,-71.8124999999997,3621.966384662237
360,19.395833333333243,-71.77083333333303,5843.7351269756855
361,19.395833333333243,-71.72916666666636,4611.641290267102
362,19.354166666666575,-72.77083333333314,3743.1629612889956
363,19.354166666666575,-72.72916666666647,7987.232246598277
364,19.354166666666575,-72.6874999999998,7016.365102169303
365,19.354166666666575,-72.64583333333313,6843.38686616716
366,19.354166666666575,-72.60416666666646,7355.927056207458
367,19.354166666666575,-72.56249999999979,7174.317268176205
368,19.354166666666575,-72.52083333333312,5596.395043156535
369,19.354166666666575,-72.47916666666644,5358.763139391406
370,19.354166666666575,-72.43749999999977,7115.2908245568815
371,19.354166666666575,-72.3958333333331,10805.570526153197
372,19.354166666666575,-72.35416666666643,10099.474931185738
373,19.354166666666575,-72.31249999999976,6589.295402268125
374,19.354166666666575,-72.27083333333309,5853.195195221496
375,19.354166666666575,-72.22916666666642,9289.261793688129
376,19.354166666666575,-72.18749999999974,10632.423928566912
377,19.354166666666575,-72.14583333333307,8693.459147490214
378,19.354166666666575,-72.1041666666664,12318.11730360418
379,19.354166666666575,-72.06249999999973,10949.773431307756
380,19.354166666666575,-72.02083333333306,8525.404480876958
381,19.354166666666575,-71.97916666666639,6568.900692189076
382,19.354166666666575,-71.93749999999972,5119.81173191898
383,19.354166666666575,-71.89583333333304,3970.2078214197254
384,19.354166666666575,-71.85416666666637,4037.9644979009704
385,19.354166666666575,-71.8124999999997,6290.891008311288
386,19.354166666666575,-71.77083333333303,5710.7020865374725
387,19.312499999999908,-72.6874999999998,9828.610142382347
388,19.312499999999908,-72.64583333333313,8917.770749941543
389,19.312499999999908,-72.60416666666646,8932.99740383368
390,19.312499999999908,-72.56249999999979,11157.507459404716
391,19.312499999999908,-72.52083333333312,14929.40144586126
392,19.312499999999908,-72.47916666666644,11297.84046479746
393,19.312499999999908,-72.43749999999977,5793.491277476509
394,19.312499999999908,-72.3958333333331,6714.219697701668
395,19.312499999999908,-72.35416666666643,5735.71465681315
396,19.312499999999908,-72.31249999999976,4593.21012737153
397,19.312499999999908,-72.27083333333309,5633.987607110478
398,19.312499999999908,-72.22916666666642,6699.67333738756
399,19.312499999999908,-72.18749999999974,9790.914064248682
400,19.312499999999908,-72.14583333333307,6136.366893602554
401,19.312499999999908,-72.1041666666664,5554.217244097629
402,19.312499999999908,-72.06249999999973,7582.6392209589985
403,19.312499999999908,-72.02083333333306,7019.781472879098
404,19.312499999999908,-71.97916666666639,4607.3057780859845
405,19.312499999999908,-71.93749999999972,4593.569003379833
406,19.312499999999908,-71.89583333333304,3921.9500747229545
407,19.312499999999908,-71.85416666666637,3808.6668953297917
408,19.312499999999908,-71.8124999999997,4992.315290369809
409,19.27083333333324,-72.77083333333314,4563.096362207906
410,19.27083333333324,-72.72916666666647,9399.354964118596
411,19.27083333333324,-72.6874999999998,11047.055010187036
412,19.27083333333324,-72.64583333333313,11042.216829926949
413,19.27083333333324,-72.60416666666646,11966.592815955917
414,19.27083333333324,-72.56249999999979,14075.740547403308
415,19.27083333333324,-72.52083333333312,16034.06932732982
416,19.27083333333324,-72.47916666666644,13079.096358328554
417,19.27083333333324,-72.43749999999977,6754.441199597468
418,19.27083333333324,-72.3958333333331,4460.874700004452
419,19.27083333333324,-72.35416666666643,3739.723632181362
420,19.27083333333324,-72.31249999999976,3958.6404139197707
421,19.27083333333324,-72.27083333333309,5327.55341281522
422,19.27083333333324,-72.22916666666642,4375.999114314563
423,19.27083333333324,-72.18749999999974,4106.486857089044
424,19.27083333333324,-72.14583333333307,4382.145923251392
425,19.27083333333324,-72.1041666666664,3754.2865064307566
426,19.27083333333324,-72.06249999999973,3478.5448705919753
427,19.27083333333324,-72.02083333333306,3436.7988505239787
428,19.27083333333324,-71.97916666666639,3728.2194609701883
429,19.27083333333324,-71.93749999999972,3842.4475596848765
430,19.27083333333324,-71.89583333333304,3826.2973337534136
431,19.27083333333324,-71.85416666666637,4063.2187355223064
432,19.27083333333324,-71.8124999999997,4247.813920830264
433,19.27083333333324,-71.77083333333303,4136.676344687641
434,19.229166666666572,-72.77083333333314,5789.8686839650845
435,19.229166666666572,-72.72916666666647,8812.055786256591
436,19.229166666666572,-72.6874999999998,9278.130595747089
437,19.229166666666572,-72.64583333333313,10761.005456498091
438,19.229166666666572,-72.60416666666646,13203.849875504498
439,19.229166666666572,-72.56249999999979,16595.818627850967
440,19.229166666666572,-72.52083333333312,15292.704799936926
441,19.229166666666572,-72.47916666666644,8805.264933843582
442,19.229166666666572,-72.43749999999977,5722.5929255017
443,19.229166666666572,-72.3958333333331,4854.013096238417
444,19.229166666666572,-72.35416666666643,4369.454359815215
445,19.229166666666572,-72.31249999999976,5095.031162295135
446,19.229166666666572,-72.27083333333309,6026.1549033938045
447,19.229166666666572,-72.22916666666642,5643.0932299159895
448,19.229166666666572,-72.18749999999974,3603.4578882160545
449,19.229166666666572,-72.14583333333307,3212.81873511511
450,19.229166666666572,-72.1041666666664,3187.666803336769
451,19.229166666666572,-72.06249999999973,3292.6368274287274
452,19.229166666666572,-72.02083333333306,3308.5602888341805
453,19.229166666666572,-71.97916666666639,3687.0143729775577
454,19.229166666666572,-71.93749999999972,3861.7861834633973
455,19.229166666666572,-71.89583333333304,4002.6001068740015
456,19.229166666666572,-71.85416666666637,4765.724362070007
457,19.229166666666572,-71.8124999999997,4943.054221409645
458,19.229166666666572,-71.77083333333303,4507.054510307468
459,19.229166666666572,-71.72916666666636,3104.7918204900247
460,19.229166666666572,-71.68749999999969,2009.028977930076
461,19.187499999999904,-72.77083333333314,4667.455974862621
462,19.187499999999904,-72.72916666666647,8408.472124564349
463,19.187499999999904,-72.6874999999998,8499.970603862015
464,19.187499999999904,-72.64583333333313,9183.28341259641
465,19.187499999999904,-72.60416666666646,16174.05110951354
466,19.187499999999904,-72.56249999999979,20251.991011396647
467,19.187499999999904,-72.52083333333312,19526.827862856713
468,19.187499999999904,-72.47916666666644,12452.691376149874
469,19.187499999999904,-72.43749999999977,5983.862312345709
470,19.187499999999904,-72.3958333333331,5089.684272272436
471,19.187499999999904,-72.35416666666643,5423.666530078241
472,19.187499999999904,-72.31249999999976,5164.389287720279
473,19.187499999999904,-72.27083333333309,5826.67985683473
474,19.187499999999904,-72.22916666666642,8277.00186629473
475,19.187499999999904,-72.18749999999974,7561.193660705243
476,19.187499999999904,-72.14583333333307,5792.37920490757
477,19.187499999999904,-72.1041666666664,3759.519007243178
478,19.187499999999904,-72.06249999999973,3808.7091871152816
479,19.187499999999904,-72.02083333333306,3504.183359292909
480,19.187499999999904,-71.97916666666639,4133.759017046631
481,19.187499999999904,-71.93749999999972,4249.474578273849
482,19.187499999999904,-71.89583333333304,4412.20732715679
483,19.187499999999904,-71.85416666666637,5588.329395495176
484,19.187499999999904,-71.8124999999997,5073.287142869492
485,19.187499999999904,-71.77083333333303,4188.489018039051
486,19.187499999999904,-71.72916666666636,3466.6834344881363
487,19.187499999999904,-71.68749999999969,3325.0490504390204
488,19.187499999999904,-71.64583333333302,2521.3665701789296
489,19.145833333333236,-72.6874999999998,8725.395487219012
490,19.145833333333236,-72.64583333333313,7193.125432131003
491,19.145833333333236,-72.60416666666646,17079.481986758507
492,19.145833333333236,-72.56249999999979,25406.01921445072
493,19.145833333333236,-72.52083333333312,21182.154124796325
494,19.145833333333236,-72.47916666666644,13755.934093314934
495,19.145833333333236,-72.43749999999977,9271.723994413675
496,19.145833333333236,-72.3958333333331,5299.97916867556
497,19.145833333333236,-72.35416666666643,6465.888777765318
498,19.145833333333236,-72.31249999999976,5526.283721170756
499,19.145833333333236,-72.27083333333309,3897.840937541131
500,19.145833333333236,-72.22916666666642,6252.068760346851
501,19.145833333333236,-72.18749999999974,8068.256863135095
502,19.145833333333236,-72.14583333333307,5338.096553548491
503,19.145833333333236,-72.1041666666664,6616.860785271778
504,19.145833333333236,-72.06249999999973,8036.846552662012
505,19.145833333333236,-72.02083333333306,6794.691701574747
506,19.145833333333236,-71.97916666666639,4608.210822295476
507,19.145833333333236,-71.93749999999972,4429.500236854309
508,19.145833333333236,-71.89583333333304,4754.099759964914
509,19.145833333333236,-71.85416666666637,7216.009718649247
510,19.145833333333236,-71.8124999999997,6468.9752725482895
511,19.145833333333236,-71.77083333333303,3853.7140913394865
512,19.145833333333236,-71.72916666666636,3473.7989267021476
513,19.145833333333236,-71.68749999999969,3388.369922790699
514,19.145833333333236,-71.64583333333302,2101.254875938176
515,19.10416666666657,-72.6874999999998,41049.28666600018
516,19.10416666666657,-72.64583333333313,16259.203404314208
517,19.10416666666657,-72.60416666666646,5498.978130563687
518,19.10416666666657,-72.56249999999979,14234.22277045502
519,19.10416666666657,-72.52083333333312,15618.562604360595
520,19.10416666666657,-72.47916666666644,18817.205535758272
521,19.10416666666657,-72.43749999999977,23340.150076821712
522,19.10416666666657,-72.3958333333331,8722.346450874618
523,19.10416666666657,-72.35416666666643,4293.922842045219
524,19.10416666666657,-72.31249999999976,3877.776103388906
525,19.10416666666657,-72.27083333333309,3374.856891768737
526,19.10416666666657,-72.22916666666642,3659.935144117588
527,19.10416666666657,-72.18749999999974,5234.369303781584
528,19.10416666666657,-72.14583333333307,6990.722585679275
529,19.10416666666657,-72.1041666666664,8754.823319899875
530,19.10416666666657,-72.06249999999973,8991.369734504087
531,19.10416666666657,-72.02083333333306,6714.723976896276
532,19.10416666666657,-71.97916666666639,3990.1663219398606
533,19.10416666666657,-71.93749999999972,4129.061406625934
534,19.10416666666657,-71.89583333333304,6471.430210001273
535,19.10416666666657,-71.85416666666637,8024.790574344917
536,19.10416666666657,-71.8124999999997,6347.765001438611
537,19.10416666666657,-71.77083333333303,5023.220516090465
538,19.10416666666657,-71.72916666666636,3612.7737616122886
539,19.10416666666657,-71.68749999999969,1674.0901202143723
540,19.0624999999999,-72.81249999999982,5181.292307433468
541,19.0624999999999,-72.77083333333314,11051.169799525785
542,19.0624999999999,-72.72916666666647,11843.493108982097
543,19.0624999999999,-72.6874999999998,46633.1717990087
544,19.0624999999999,-72.64583333333313,48516.388756788845
545,19.0624999999999,-72.60416666666646,4817.859258548963
546,19.0624999999999,-72.56249999999979,6948.714356541239
547,19.0624999999999,-72.52083333333312,10330.33410758878
548,19.0624999999999,-72.47916666666644,12160.990834361612
549,19.0624999999999,-72.43749999999977,21152.612708463002
550,19.0624999999999,-72.3958333333331,18451.256729805464
551,19.0624999999999,-72.35416666666643,4797.9305636681265
552,19.0624999999999,-72.31249999999976,4235.264135570206
553,19.0624999999999,-72.27083333333309,4132.172873701291
554,19.0624999999999,-72.22916666666642,3516.547463475719
555,19.0624999999999,-72.18749999999974,4736.0548620434865
556,19.0624999999999,-72.14583333333307,8621.07736079197
557,19.0624999999999,-72.1041666666664,8159.349341292055
558,19.0624999999999,-72.06249999999973,6434.525189645729
559,19.0624999999999,-72.02083333333306,4272.391892662665
560,19.0624999999999,-71.97916666666639,4094.1259751375096
561,19.0624999999999,-71.93749999999972,3965.074404219025
562,19.0624999999999,-71.89583333333304,7067.363356565844
563,19.0624999999999,-71.85416666666637,7936.377381493493
564,19.0624999999999,-71.8124999999997,5815.561547818792
565,19.0624999999999,-71.77083333333303,5187.346477221129
566,19.0624999999999,-71.72916666666636,2558.721293186853
567,19.020833333333233,-72.77083333333314,7096.825022675098
568,19.020833333333233,-72.72916666666647,11297.016379148765
569,19.020833333333233,-72.6874999999998,14942.105092664719
570,19.020833333333233,-72.64583333333313,15141.917265170989
571,19.020833333333233,-72.60416666666646,6547.50507652009
572,19.020833333333233,-72.56249999999979,8980.636482125565
573,19.020833333333233,-72.52083333333312,9840.145730348459
574,19.020833333333233,-72.47916666666644,9001.49398517155
575,19.020833333333233,-72.43749999999977,9966.16075106874
576,19.020833333333233,-72.3958333333331,11855.242975328025
577,19.020833333333233,-72.35416666666643,5083.777922344537
578,19.020833333333233,-72.31249999999976,4491.25470202721
579,19.020833333333233,-72.27083333333309,4396.477199627863
580,19.020833333333233,-72.22916666666642,3086.9688537476936
581,19.020833333333233,-72.18749999999974,2867.3403616763203
582,19.020833333333233,-72.14583333333307,5110.147051987179
583,19.020833333333233,-72.1041666666664,4323.837634427584
584,19.020833333333233,-72.06249999999973,3022.468040580836
585,19.020833333333233,-72.02083333333306,4731.018514559959
586,19.020833333333233,-71.97916666666639,5454.699839492096
587,19.020833333333233,-71.93749999999972,4717.496823791444
588,19.020833333333233,-71.89583333333304,5350.734547389714
589,19.020833333333233,-71.85416666666637,6595.373336011442
590,19.020833333333233,-71.8124999999997,5111.956334848343
591,19.020833333333233,-71.77083333333303,2476.845403424952
592,18.979166666666565,-72.72916666666647,6845.505483230769
593,18.979166666666565,-72.6874999999998,9466.60856974196
594,18.979166666666565,-72.64583333333313,7302.273683239947
595,18.979166666666565,-72.60416666666646,6684.161113248637
596,18.979166666666565,-72.56249999999979,6965.229902943555
597,18.979166666666565,-72.52083333333312,7874.82954190113
598,18.979166666666565,-72.47916666666644,7643.745614866624
599,18.979166666666565,-72.43749999999977,7362.590630485088
600,18.979166666666565,-72.3958333333331,7811.65850330376
601,18.979166666666565,-72.35416666666643,5463.264127443332
602,18.979166666666565,-72.31249999999976,4392.774453113462
603,18.979166666666565,-72.27083333333309,4343.700273567274
604,18.979166666666565,-72.22916666666642,3573.852832815043
605,18.979166666666565,-72.18749999999974,3795.007454174251
606,18.979166666666565,-72.14583333333307,4222.838406214254
607,18.979166666666565,-72.1041666666664,4104.3771011614435
608,18.979166666666565,-72.06249999999973,4687.487781144273
609,18.979166666666565,-72.02083333333306,5502.373153991282
610,18.979166666666565,-71.97916666666639,5426.713149749178
611,18.979166666666565,-71.93749999999972,5099.630494661929
612,18.979166666666565,-71.89583333333304,4925.7709784059525
613,18.979166666666565,-71.85416666666637,3687.263290343586
614,18.937499999999897,-72.6874999999998,1702.6646657756046
615,18.937499999999897,-72.64583333333313,1721.2601624662243
616,18.937499999999897,-72.60416666666646,1895.549041039656
617,18.937499999999897,-72.56249999999979,2173.4884399977486
618,18.937499999999897,-72.52083333333312,2525.7921034463047
619,18.937499999999897,-72.47916666666644,4228.285990964311
620,18.937499999999897,-72.43749999999977,6198.899527628477
621,18.937499999999897,-72.3958333333331,5502.374362328011
622,18.937499999999897,-72.35416666666643,4940.532825436606
623,18.937499999999897,-72.31249999999976,5093.777311550075
624,18.937499999999897,-72.27083333333309,4731.001597845763
625,18.937499999999897,-72.22916666666642,4654.54731359426
626,18.937499999999897,-72.18749999999974,4760.756084222174
627,18.937499999999897,-72.14583333333307,4626.722138194024
628,18.937499999999897,-72.1041666666664,4352.690701604688
629,18.937499999999897,-72.06249999999973,4664.709425479209
630,18.937499999999897,-72.02083333333306,4613.0437664297415
631,18.937499999999897,-71.97916666666639,4367.191145123121
632,18.937499999999897,-71.93749999999972,4485.799464477875
633,18.937499999999897,-71.89583333333304,4345.219152834739
634,18.937499999999897,-71.85416666666637,3580.7580744383313
635,18.937499999999897,-71.8124999999997,3934.6162630878375
636,18.89583333333323,-72.60416666666646,1495.181669633947
637,18.89583333333323,-72.56249999999979,1783.1574127625188
638,18.89583333333323,-72.52083333333312,1716.7260802827575
639,18.89583333333323,-72.47916666666644,1743.8393439605732
640,18.89583333333323,-72.43749999999977,2106.0276046254808
641,18.89583333333323,-72.3958333333331,3451.860767842158
642,18.89583333333323,-72.35416666666643,5845.059866808804
643,18.89583333333323,-72.31249999999976,6517.881493289245
644,18.89583333333323,-72.27083333333309,6251.841593041932
645,18.89583333333323,-72.22916666666642,4938.052110133419
646,18.89583333333323,-72.18749999999974,4736.730725053512
647,18.89583333333323,-72.14583333333307,4632.958766827657
648,18.89583333333323,-72.1041666666664,3924.651915647419
649,18.89583333333323,-72.06249999999973,3358.0642334767313
650,18.89583333333323,-72.02083333333306,4002.6907321286235
651,18.89583333333323,-71.97916666666639,4115.267437314645
652,18.89583333333323,-71.93749999999972,3878.929259406608
653,18.89583333333323,-71.89583333333304,4014.599696143776
654,18.89583333333323,-71.85416666666637,4495.535839055555
655,18.89583333333323,-71.8124999999997,6778.031960322854
656,18.89583333333323,-71.77083333333303,7432.148937028219
657,18.85416666666656,-72.56249999999979,17401.70028095655
658,18.85416666666656,-72.52083333333312,9713.57406917534
659,18.85416666666656,-72.47916666666644,1991.822262919175
660,18.85416666666656,-72.43749999999977,1402.8179205440942
661,18.85416666666656,-72.3958333333331,1473.5652304278658
662,18.85416666666656,-72.35416666666643,3379.964732508689
663,18.85416666666656,-72.31249999999976,5496.448276233549
664,18.85416666666656,-72.27083333333309,5929.469840079392
665,18.85416666666656,-72.22916666666642,4744.915998050973
666,18.85416666666656,-72.18749999999974,4774.849721042081
667,18.85416666666656,-72.14583333333307,4014.2766674584122
668,18.85416666666656,-72.1041666666664,4569.297949076418
669,18.85416666666656,-72.06249999999973,2074.911926924647
670,18.85416666666656,-72.02083333333306,4110.194436950358
671,18.85416666666656,-71.97916666666639,5426.016342235862
672,18.85416666666656,-71.93749999999972,6145.920406555353
673,18.85416666666656,-71.89583333333304,6212.623413409527
674,18.85416666666656,-71.85416666666637,6504.23977440572
675,18.85416666666656,-71.8124999999997,8162.018959903767
676,18.85416666666656,-71.77083333333303,9101.363821322835
677,18.85416666666656,-71.72916666666636,4979.470268169138
678,18.812499999999893,-72.56249999999979,37221.38546662942
679,18.812499999999893,-72.52083333333312,54301.054342801894
680,18.812499999999893,-72.47916666666644,7935.610490449937
681,18.812499999999893,-72.43749999999977,976.2240032296819
682,18.812499999999893,-72.3958333333331,843.4126422337478
683,18.812499999999893,-72.35416666666643,1020.6438710879379
684,18.812499999999893,-72.31249999999976,2627.429534841629
685,18.812499999999893,-72.27083333333309,4773.9253434449365
686,18.812499999999893,-72.22916666666642,6306.120078876882
687,18.812499999999893,-72.18749999999974,6703.493695343515
688,18.812499999999893,-72.14583333333307,3711.008718170193
689,18.812499999999893,-72.1041666666664,15580.885054056762
690,18.812499999999893,-72.06249999999973,9567.55302002361
691,18.812499999999893,-72.02083333333306,2518.3805687338613
692,18.812499999999893,-71.97916666666639,4950.882632293349
693,18.812499999999893,-71.93749999999972,9744.014488034512
694,18.812499999999893,-71.89583333333304,9772.155039320834
695,18.812499999999893,-71.85416666666637,7613.968975650195
696,18.812499999999893,-71.8124999999997,7434.406110036671
697,18.812499999999893,-71.77083333333303,8903.543793302615
698,18.812499999999893,-71.72916666666636,5556.094999373397
699,18.770833333333226,-72.52083333333312,29575.165983701067
700,18.770833333333226,-72.47916666666644,6656.701258319255
701,18.770833333333226,-72.43749999999977,17293.645977365624
702,18.770833333333226,-72.3958333333331,31158.583321382102
703,18.770833333333226,-72.35416666666643,11541.781900178828
704,18.770833333333226,-72.31249999999976,1261.5364715143676
705,18.770833333333226,-72.27083333333309,1779.823410339702
706,18.770833333333226,-72.22916666666642,6545.420695663784
707,18.770833333333226,-72.18749999999974,6530.43288966494
708,18.770833333333226,-72.14583333333307,8635.593512687868
709,18.770833333333226,-72.1041666666664,24748.07986589485
710,18.770833333333226,-72.06249999999973,18136.76695732158
711,18.770833333333226,-72.02083333333306,12095.66090080969
712,18.770833333333226,-71.97916666666639,6757.517624907704
713,18.770833333333226,-71.93749999999972,6068.883704000813
714,18.770833333333226,-71.89583333333304,7000.70344705498
715,18.770833333333226,-71.85416666666637,6780.645189887243
716,18.770833333333226,-71.8124999999997,6376.500457174161
717,18.770833333333226,-71.77083333333303,7533.470388369093
718,18.770833333333226,-71.72916666666636,4540.543965511035
719,18.729166666666558,-72.43749999999977,35189.091978890596
720,18.729166666666558,-72.3958333333331,37104.55058281289
721,18.729166666666558,-72.35416666666643,7934.711487924087
722,18.729166666666558,-72.31249999999976,1335.609929632222
723,18.729166666666558,-72.27083333333309,1463.6645220551375
724,18.729166666666558,-72.22916666666642,10379.150911411842
725,18.729166666666558,-72.18749999999974,8804.137152897176
726,18.729166666666558,-72.14583333333307,17097.531315247936
727,18.729166666666558,-72.1041666666664,24627.328359963016
728,18.729166666666558,-72.06249999999973,13843.345172239693
729,18.729166666666558,-72.02083333333306,10587.02107878019
730,18.729166666666558,-71.97916666666639,7865.8685167241065
731,18.729166666666558,-71.93749999999972,4877.369842417424
732,18.729166666666558,-71.89583333333304,4780.183722139678
733,18.729166666666558,-71.85416666666637,5701.294782328798
734,18.729166666666558,-71.8124999999997,5898.763184361085
735,18.729166666666558,-71.77083333333303,5216.223711132799
736,18.68749999999989,-72.31249999999976,2229.9177652090602
737,18.68749999999989,-72.27083333333309,3023.8888431838545
738,18.68749999999989,-72.22916666666642,12785.990118146376
739,18.68749999999989,-72.18749999999974,14187.419861179114
740,18.68749999999989,-72.14583333333307,10779.997287635591
741,18.68749999999989,-72.1041666666664,8409.014264976442
742,18.68749999999989,-72.06249999999973,5238.171133907705
743,18.68749999999989,-72.02083333333306,5347.6524831747465
744,18.68749999999989,-71.97916666666639,6706.443245297281
745,18.68749999999989,-71.93749999999972,8112.628598913675
746,18.68749999999989,-71.89583333333304,7027.076604486717
747,18.68749999999989,-71.85416666666637,6002.220169479765
748,18.68749999999989,-71.8124999999997,4899.936739155035
749,18.645833333333222,-74.35416666666666,4031.6436884752666
750,18.645833333333222,-74.31249999999999,5997.918893505949
751,18.645833333333222,-74.27083333333331,7468.452205693071
752,18.645833333333222,-74.22916666666664,10645.390187219324
753,18.645833333333222,-74.18749999999997,16233.063053092126
754,18.645833333333222,-74.1458333333333,13591.571298185525
755,18.645833333333222,-72.31249999999976,13606.43867329045
756,18.645833333333222,-72.27083333333309,41516.04942186799
757,18.645833333333222,-72.22916666666642,57319.756601969006
758,18.645833333333222,-72.18749999999974,14897.385355908391
759,18.645833333333222,-72.14583333333307,4781.622448404167
760,18.645833333333222,-72.1041666666664,5970.116273724641
761,18.645833333333222,-72.06249999999973,5376.609467310484
762,18.645833333333222,-72.02083333333306,4291.299140229185
763,18.645833333333222,-71.97916666666639,3781.837792172579
764,18.645833333333222,-71.93749999999972,4582.271860528107
765,18.645833333333222,-71.89583333333304,5464.882493101426
766,18.645833333333222,-71.85416666666637,5716.744978515669
767,18.604166666666554,-74.39583333333333,6634.288625903956
768,18.604166666666554,-74.35416666666666,8152.04615410625
769,18.604166666666554,-74.31249999999999,8920.686869245825
770,18.604166666666554,-74.27083333333331,11323.123702500276
771,18.604166666666554,-74.22916666666664,8745.844572450835
772,18.604166666666554,-74.18749999999997,10222.72124968259
773,18.604166666666554,-74.1458333333333,11258.679076991284
774,18.604166666666554,-74.10416666666663,6843.340143813667
775,18.604166666666554,-74.06249999999996,3578.6136795245193
776,18.604166666666554,-72.31249999999976,168225.34820391602
777,18.604166666666554,-72.27083333333309,114944.68428357328
778,18.604166666666554,-72.22916666666642,77295.1609473749
779,18.604166666666554,-72.18749999999974,9577.998688260797
780,18.604166666666554,-72.14583333333307,2423.3821421026923
781,18.604166666666554,-72.1041666666664,1844.1735841944326
782,18.604166666666554,-72.06249999999973,2101.5313836595005
783,18.604166666666554,-72.02083333333306,613.511475466786
784,18.562499999999886,-74.39583333333333,11943.014944155633
785,18.562499999999886,-74.35416666666666,9426.085789221906
786,18.562499999999886,-74.31249999999999,10213.13913942722
787,18.562499999999886,-74.27083333333331,12079.003576231253
788,18.562499999999886,-74.22916666666664,7199.294393907852
789,18.562499999999886,-74.18749999999997,7611.404885112755
790,18.562499999999886,-74.1458333333333,6678.7441396956965
791,18.562499999999886,-74.10416666666663,6475.937305997808
792,18.562499999999886,-74.06249999999996,6240.868687212299
793,18.562499999999886,-74.02083333333329,5240.39809849795
794,18.562499999999886,-73.97916666666661,3842.8475191419425
795,18.562499999999886,-73.93749999999994,3165.6591651149033
796,18.562499999999886,-73.89583333333327,3410.3548040041824
797,18.562499999999886,-73.8541666666666,2903.6164427647864
798,18.562499999999886,-73.68749999999991,1414.657203807915
799,18.562499999999886,-73.64583333333324,1409.601623631462
800,18.562499999999886,-73.60416666666657,1561.722356587619
801,18.562499999999886,-72.31249999999976,396302.8690138024
802,18.562499999999886,-72.27083333333309,235853.0484338985
803,18.562499999999886,-72.22916666666642,104082.16887520472
804,18.562499999999886,-72.18749999999974,17764.032132302673
805,18.562499999999886,-72.14583333333307,3975.7742259480647
806,18.562499999999886,-72.1041666666664,2365.677820253576
807,18.562499999999886,-72.06249999999973,1864.7731073489274
808,18.562499999999886,-72.02083333333306,643.6431642918794
809,18.52083333333322,-74.4375,6384.966467071496
810,18.52083333333322,-74.39583333333333,12292.130008367678
811,18.52083333333322,-74.35416666666666,8661.961836772693
812,18.52083333333322,-74.31249999999999,9464.61884192937
813,18.52083333333322,-74.27083333333331,3749.945758123817
814,18.52083333333322,-74.22916666666664,4878.028788713253
815,18.52083333333322,-74.18749999999997,7217.146360731662
816,18.52083333333322,-74.1458333333333,5427.567846594991
817,18.52083333333322,-74.10416666666663,6356.520206592917
818,18.52083333333322,-74.06249999999996,6745.243340421698
819,18.52083333333322,-74.02083333333329,30545.618265853325
820,18.52083333333322,-73.97916666666661,23652.437454228824
821,18.52083333333322,-73.93749999999994,4461.9295779682525
822,18.52083333333322,-73.89583333333327,5213.244355539736
823,18.52083333333322,-73.8541666666666,4635.624357650273
824,18.52083333333322,-73.81249999999993,8280.286931080049
825,18.52083333333322,-73.77083333333326,11141.752359583406
826,18.52083333333322,-73.72916666666659,5481.9756244598675
827,18.52083333333322,-73.68749999999991,2999.9152411050545
828,18.52083333333322,-73.52083333333323,3317.714245108823
829,18.52083333333322,-72.64583333333313,41959.30277835011
830,18.52083333333322,-72.60416666666646,26932.45461425671
831,18.52083333333322,-72.56249999999979,12194.995846569249
832,18.52083333333322,-72.52083333333312,13985.89829498122
833,18.52083333333322,-72.47916666666644,27554.997752251762
834,18.52083333333322,-72.43749999999977,152317.35995304762
835,18.52083333333322,-72.3958333333331,283830.4996764808
836,18.52083333333322,-72.35416666666643,476024.3507782032
837,18.52083333333322,-72.31249999999976,447415.78328804893
838,18.52083333333322,-72.27083333333309,193247.340283843
839,18.52083333333322,-72.22916666666642,147644.40282384
840,18.52083333333322,-72.18749999999974,45910.586435489124
841,18.52083333333322,-72.14583333333307,4090.842521467827
842,18.52083333333322,-72.1041666666664,4901.663452339766
843,18.52083333333322,-72.06249999999973,3083.3049753980526
844,18.52083333333322,-72.02083333333306,2562.0544900518507
845,18.52083333333322,-71.97916666666639,3857.016072839003
846,18.47916666666655,-74.4375,13522.040380608236
847,18.47916666666655,-74.39583333333333,11035.836812001558
848,18.47916666666655,-74.35416666666666,6619.896127133252
849,18.47916666666655,-74.31249999999999,6730.848424977536
850,18.47916666666655,-74.27083333333331,2847.1214645912382
851,18.47916666666655,-74.22916666666664,5736.263241687796
852,18.47916666666655,-74.18749999999997,6087.023657744867
853,18.47916666666655,-74.1458333333333,5116.011512908497
854,18.47916666666655,-74.10416666666663,5356.938550931683
855,18.47916666666655,-74.06249999999996,5192.435185962882
856,18.47916666666655,-74.02083333333329,14660.996025078857
857,18.47916666666655,-73.97916666666661,9539.930442414818
858,18.47916666666655,-73.93749999999994,4744.18173209908
859,18.47916666666655,-73.89583333333327,3731.497678514049
860,18.47916666666655,-73.8541666666666,3453.5983560574446
861,18.47916666666655,-73.81249999999993,5298.537220179796
862,18.47916666666655,-73.77083333333326,6184.16144455348
863,18.47916666666655,-73.72916666666659,6228.101804120058
864,18.47916666666655,-73.68749999999991,6506.260918973245
865,18.47916666666655,-73.64583333333324,5415.054714215692
866,18.47916666666655,-73.60416666666657,5316.7871325661245
867,18.47916666666655,-73.5624999999999,6048.976356402177
868,18.47916666666655,-73.52083333333323,5931.80797164864
869,18.47916666666655,-73.47916666666656,4016.201950645493
870,18.47916666666655,-73.43749999999989,5026.924873720504
871,18.47916666666655,-73.39583333333321,6208.354359748465
872,18.47916666666655,-73.35416666666654,8604.391036132054
873,18.47916666666655,-73.31249999999987,7564.784031903913
874,18.47916666666655,-73.2708333333332,5991.337888904753
875,18.47916666666655,-73.22916666666653,4965.346825709933
876,18.47916666666655,-73.18749999999986,4522.115219288919
877,18.47916666666655,-72.64583333333313,95955.9915993356
878,18.47916666666655,-72.60416666666646,39182.106753277956
879,18.47916666666655,-72.56249999999979,5614.319510184043
880,18.47916666666655,-72.52083333333312,6844.937564968471
881,18.47916666666655,-72.47916666666644,14105.412464103285
882,18.47916666666655,-72.43749999999977,19444.40640906199
883,18.47916666666655,-72.3958333333331,41978.897166736126
884,18.47916666666655,-72.35416666666643,153329.9912425955
885,18.47916666666655,-72.31249999999976,107298.45191171984
886,18.47916666666655,-72.27083333333309,28505.19831083782
887,18.47916666666655,-72.22916666666642,23071.063154124553
888,18.47916666666655,-72.18749999999974,10524.887598653513
889,18.47916666666655,-72.14583333333307,1501.1661586702755
890,18.47916666666655,-72.1041666666664,5556.236374770608
891,18.47916666666655,-72.06249999999973,5100.138398866722
892,18.47916666666655,-72.02083333333306,1974.9115904067062
893,18.47916666666655,-71.97916666666639,3224.307600727726
894,18.47916666666655,-71.93749999999972,4530.380645289357
895,18.437499999999883,-74.47916666666667,2615.421487214757
896,18.437499999999883,-74.4375,6063.486063835526
897,18.437499999999883,-74.39583333333333,5903.111182688395
898,18.437499999999883,-74.35416666666666,5242.136895049964
899,18.437499999999883,-74.31249999999999,5521.347262856767
900,18.437499999999883,-74.27083333333331,2728.1701789951044
901,18.437499999999883,-74.22916666666664,2783.149298743009
902,18.437499999999883,-74.18749999999997,4455.059780888994
903,18.437499999999883,-74.1458333333333,4653.746186343402
904,18.437499999999883,-74.10416666666663,4352.063574842704
905,18.437499999999883,-74.06249999999996,3332.4501128998186
906,18.437499999999883,-74.02083333333329,1281.8225319825974
907,18.437499999999883,-73.97916666666661,3985.9153933297234
908,18.437499999999883,-73.93749999999994,3960.4807107569623
909,18.437499999999883,-73.89583333333327,2097.691692315893
910,18.437499999999883,-73.8541666666666,3076.464581179183
911,18.437499999999883,-73.81249999999993,3432.3856020133408
912,18.437499999999883,-73.77083333333326,5232.6917296238025
913,18.437499999999883,-73.72916666666659,6589.43355543406
914,18.437499999999883,-73.68749999999991,7484.750251484295
915,18.437499999999883,-73.64583333333324,11227.771434597173
916,18.437499999999883,-73.60416666666657,12888.40310033181
917,18.437499999999883,-73.5624999999999,7266.347415634322
918,18.437499999999883,-73.52083333333323,6316.415913359761
919,18.437499999999883,-73.47916666666656,4969.416906589736
920,18.437499999999883,-73.43749999999989,6585.976504054412
921,18.437499999999883,-73.39583333333321,7411.787657598652
922,18.437499999999883,-73.35416666666654,9118.139562900646
923,18.437499999999883,-73.31249999999987,9517.864602640539
924,18.437499999999883,-73.2708333333332,9053.242213897453
925,18.437499999999883,-73.22916666666653,8902.401512315468
926,18.437499999999883,-73.18749999999986,7737.729240035482
927,18.437499999999883,-73.14583333333319,5971.256540817241
928,18.437499999999883,-73.10416666666652,13586.958674114718
929,18.437499999999883,-73.06249999999984,24315.380927955466
930,18.437499999999883,-73.02083333333317,2794.3457468673773
931,18.437499999999883,-72.9791666666665,4527.443178702875
932,18.437499999999883,-72.93749999999983,10545.608156870294
933,18.437499999999883,-72.85416666666649,47009.992413284876
934,18.437499999999883,-72.81249999999982,19488.025753837752
935,18.437499999999883,-72.6874999999998,14457.342952892253
936,18.437499999999883,-72.64583333333313,28769.443831043613
937,18.437499999999883,-72.60416666666646,9385.161840908058
938,18.437499999999883,-72.56249999999979,1719.4768588447178
939,18.437499999999883,-72.52083333333312,1299.3518728999525
940,18.437499999999883,-72.47916666666644,2164.427727040639
941,18.437499999999883,-72.43749999999977,7468.896873609085
942,18.437499999999883,-72.3958333333331,8265.909335128992
943,18.437499999999883,-72.35416666666643,16088.61042501372
944,18.437499999999883,-72.31249999999976,20947.815744173615
945,18.437499999999883,-72.27083333333309,7394.232136052184
946,18.437499999999883,-72.22916666666642,2503.7721804677017
947,18.437499999999883,-72.18749999999974,873.4264678804689
948,18.437499999999883,-72.14583333333307,1147.5817589844553
949,18.437499999999883,-72.1041666666664,2864.0238801360633
950,18.437499999999883,-72.06249999999973,5176.715127906692
951,18.437499999999883,-72.02083333333306,4218.984617608817
952,18.437499999999883,-71.97916666666639,2733.4238257002703
953,18.437499999999883,-71.93749999999972,5088.531519033644
954,18.395833333333215,-74.4375,4021.802188602225
955,18.395833333333215,-74.39583333333333,4563.725100085528
956,18.395833333333215,-74.35416666666666,4760.533347485259
957,18.395833333333215,-74.31249999999999,4866.690965191674
958,18.395833333333215,-74.27083333333331,2602.9558827467704
959,18.395833333333215,-74.22916666666664,3827.5092954918928
960,18.395833333333215,-74.18749999999997,6397.4594605053235
961,18.395833333333215,-74.1458333333333,3442.2661714405976
962,18.395833333333215,-74.10416666666663,3382.994032686521
963,18.395833333333215,-74.06249999999996,3912.781618407572
964,18.395833333333215,-74.02083333333329,2040.1498917567326
965,18.395833333333215,-73.97916666666661,4542.829333043147
966,18.395833333333215,-73.93749999999994,3817.055974455425
967,18.395833333333215,-73.89583333333327,4301.700905565245
968,18.395833333333215,-73.8541666666666,6038.532299280625
969,18.395833333333215,-73.81249999999993,4924.754364438548
970,18.395833333333215,-73.77083333333326,4022.1562312636147
971,18.395833333333215,-73.72916666666659,3684.8796447575724
972,18.395833333333215,-73.68749999999991,3073.3595585663775
973,18.395833333333215,-73.64583333333324,3140.597858591185
974,18.395833333333215,-73.60416666666657,4639.15995091726
975,18.395833333333215,-73.5624999999999,5286.377324904069
976,18.395833333333215,-73.52083333333323,6304.126323275197
977,18.395833333333215,-73.47916666666656,5661.621462528734
978,18.395833333333215,-73.43749999999989,7213.82021249758
979,18.395833333333215,-73.39583333333321,7849.924110815362
980,18.395833333333215,-73.35416666666654,6574.397013187175
981,18.395833333333215,-73.31249999999987,8307.756452703257
982,18.395833333333215,-73.2708333333332,9134.558442364698
983,18.395833333333215,-73.22916666666653,8837.120717790496
984,18.395833333333215,-73.18749999999986,5814.010849017481
985,18.395833333333215,-73.14583333333319,8047.2841653210135
986,18.395833333333215,-73.10416666666652,28729.330273895546
987,18.395833333333215,-73.06249999999984,20464.474608393622
988,18.395833333333215,-73.02083333333317,2056.20123546593
989,18.395833333333215,-72.9791666666665,7321.032708167795
990,18.395833333333215,-72.93749999999983,13288.473724375996
991,18.395833333333215,-72.89583333333316,90745.89496097306
992,18.395833333333215,-72.85416666666649,104825.80185341551
993,18.395833333333215,-72.81249999999982,28623.776421774364
994,18.395833333333215,-72.77083333333314,39039.41668570722
995,18.395833333333215,-72.72916666666647,29706.488019332017
996,18.395833333333215,-72.6874999999998,13812.176529112268
997,18.395833333333215,-72.64583333333313,6997.291909692098
998,18.395833333333215,-72.60416666666646,4524.782824006082
999,18.395833333333215,-72.56249999999979,1586.9335975603735
1000,18.395833333333215,-72.52083333333312,2585.4221112614114
1001,18.395833333333215,-72.47916666666644,3480.763779604032
1002,18.395833333333215,-72.43749999999977,4754.069148767797
1003,18.395833333333215,-72.3958333333331,5638.561564405978
1004,18.395833333333215,-72.35416666666643,10833.54593808665
1005,18.395833333333215,-72.31249999999976,14857.809911383318
1006,18.395833333333215,-72.27083333333309,7488.364789417532
1007,18.395833333333215,-72.22916666666642,2475.7486364545707
1008,18.395833333333215,-72.18749999999974,874.8738538915098
1009,18.395833333333215,-72.14583333333307,733.0077712747437
1010,18.395833333333215,-72.1041666666664,1077.64786110828
1011,18.395833333333215,-72.06249999999973,1190.9587315514666
1012,18.395833333333215,-72.02083333333306,1623.7003640552546
1013,18.395833333333215,-71.97916666666639,4027.5421908405287
1014,18.395833333333215,-71.93749999999972,5186.036237428749
1015,18.395833333333215,-71.89583333333304,3880.263665933554
1016,18.395833333333215,-71.85416666666637,2719.7911693422075
1017,18.354166666666547,-74.4375,2296.6928694880207
1018,18.354166666666547,-74.39583333333333,3574.8227244289533
1019,18.354166666666547,-74.35416666666666,3739.148866677604
1020,18.354166666666547,-74.31249999999999,3334.3649238352546
1021,18.354166666666547,-74.27083333333331,2032.8477115181997
1022,18.354166666666547,-74.22916666666664,6194.488695791296
1023,18.354166666666547,-74.18749999999997,7489.167930562938
1024,18.354166666666547,-74.1458333333333,2687.567044082619
1025,18.354166666666547,-74.10416666666663,3681.344051490585
1026,18.354166666666547,-74.06249999999996,4413.5195808437165
1027,18.354166666666547,-74.02083333333329,3071.5772618921446
1028,18.354166666666547,-73.97916666666661,3926.6319767661826
1029,18.354166666666547,-73.93749999999994,5024.099782449754
1030,18.354166666666547,-73.89583333333327,6995.124153601539
1031,18.354166666666547,-73.8541666666666,7615.0411731071
1032,18.354166666666547,-73.81249999999993,6300.325701485804
1033,18.354166666666547,-73.77083333333326,5154.517982207939
1034,18.354166666666547,-73.72916666666659,4749.45773303372
1035,18.354166666666547,-73.68749999999991,4677.910101456908
1036,18.354166666666547,-73.64583333333324,4951.20807765217
1037,18.354166666666547,-73.60416666666657,4769.506456029567
1038,18.354166666666547,-73.5624999999999,4810.75907193351
1039,18.354166666666547,-73.52083333333323,5165.494110268848
1040,18.354166666666547,-73.47916666666656,5170.122845496032
1041,18.354166666666547,-73.43749999999989,6382.426946047532
1042,18.354166666666547,-73.39583333333321,8163.854020615134
1043,18.354166666666547,-73.35416666666654,8249.606455990855
1044,18.354166666666547,-73.31249999999987,8116.127136520994
1045,18.354166666666547,-73.2708333333332,7968.034998216967
1046,18.354166666666547,-73.22916666666653,7415.8065855569575
1047,18.354166666666547,-73.18749999999986,4708.048436134007
1048,18.354166666666547,-73.14583333333319,5163.177728760709
1049,18.354166666666547,-73.10416666666652,6843.378810588972
1050,18.354166666666547,-73.06249999999984,5690.009722844355
1051,18.354166666666547,-73.02083333333317,3608.176040361132
1052,18.354166666666547,-72.9791666666665,2134.04128055533
1053,18.354166666666547,-72.93749999999983,2187.799174649839
1054,18.354166666666547,-72.89583333333316,36899.21067255359
1055,18.354166666666547,-72.85416666666649,35802.656369436605
1056,18.354166666666547,-72.81249999999982,7267.433307574147
1057,18.354166666666547,-72.77083333333314,11535.028908983306
1058,18.354166666666547,-72.72916666666647,12453.75712914423
1059,18.354166666666547,-72.6874999999998,9843.470267466902
1060,18.354166666666547,-72.64583333333313,10486.053267321795
1061,18.354166666666547,-72.60416666666646,5693.295995966404
1062,18.354166666666547,-72.56249999999979,6060.9819873555925
1063,18.354166666666547,-72.52083333333312,8905.282992633538
1064,18.354166666666547,-72.47916666666644,7413.143411407797
1065,18.354166666666547,-72.43749999999977,4771.437780900289
1066,18.354166666666547,-72.3958333333331,5036.584720305393
1067,18.354166666666547,-72.35416666666643,15090.21334212512
1068,18.354166666666547,-72.31249999999976,20488.488286973912
1069,18.354166666666547,-72.27083333333309,9201.138601651495
1070,18.354166666666547,-72.22916666666642,3476.5454760855587
1071,18.354166666666547,-72.18749999999974,2274.5144530085563
1072,18.354166666666547,-72.14583333333307,1745.786175819309
1073,18.354166666666547,-72.1041666666664,1367.6300473741835
1074,18.354166666666547,-72.06249999999973,965.5352579206516
1075,18.354166666666547,-72.02083333333306,748.2854773936513
1076,18.354166666666547,-71.97916666666639,1858.379797719526
1077,18.354166666666547,-71.93749999999972,4613.096127687967
1078,18.354166666666547,-71.89583333333304,4137.390874472972
1079,18.354166666666547,-71.85416666666637,4060.754131375497
1080,18.354166666666547,-71.8124999999997,3016.136758903487
1081,18.31249999999988,-74.35416666666666,5835.5393817265785
1082,18.31249999999988,-74.31249999999999,5652.116283045067
1083,18.31249999999988,-74.27083333333331,2325.8159999238987
1084,18.31249999999988,-74.22916666666664,4654.5807442437435
1085,18.31249999999988,-74.18749999999997,6442.528809355037
1086,18.31249999999988,-74.1458333333333,6349.494936854618
1087,18.31249999999988,-74.10416666666663,4276.994044481826
1088,18.31249999999988,-74.06249999999996,5109.762800907582
1089,18.31249999999988,-74.02083333333329,4457.298828846522
1090,18.31249999999988,-73.97916666666661,3266.0566416375436
1091,18.31249999999988,-73.93749999999994,5532.95897603676
1092,18.31249999999988,-73.89583333333327,7662.884863084976
1093,18.31249999999988,-73.8541666666666,10327.985906546797
1094,18.31249999999988,-73.81249999999993,8368.02184424799
1095,18.31249999999988,-73.77083333333326,7751.692779267642
1096,18.31249999999988,-73.72916666666659,15174.92580235669
1097,18.31249999999988,-73.68749999999991,6926.849906221675
1098,18.31249999999988,-73.64583333333324,6371.782707807994
1099,18.31249999999988,-73.60416666666657,7060.019891489093
1100,18.31249999999988,-73.5624999999999,6743.332960054265
1101,18.31249999999988,-73.52083333333323,5993.394880795217
1102,18.31249999999988,-73.47916666666656,5444.68433913018
1103,18.31249999999988,-73.43749999999989,7992.525567026022
1104,18.31249999999988,-73.39583333333321,7736.759348421572
1105,18.31249999999988,-73.35416666666654,7976.175159976572
1106,18.31249999999988,-73.31249999999987,6894.625176793723
1107,18.31249999999988,-73.2708333333332,5470.406203065365
1108,18.31249999999988,-73.22916666666653,5955.053953627552
1109,18.31249999999988,-73.18749999999986,5594.30260672204
1110,18.31249999999988,-73.14583333333319,4488.602805687515
1111,18.31249999999988,-73.10416666666652,3233.7839815193684
1112,18.31249999999988,-73.06249999999984,3306.584859672875
1113,18.31249999999988,-73.02083333333317,5595.268873325766
1114,18.31249999999988,-72.9791666666665,3618.013915223989
1115,18.31249999999988,-72.93749999999983,2726.028603533659
1116,18.31249999999988,-72.89583333333316,3105.4616418164087
1117,18.31249999999988,-72.85416666666649,2531.5480154515317
1118,18.31249999999988,-72.81249999999982,4009.971766474411
1119,18.31249999999988,-72.77083333333314,4904.506668661441
1120,18.31249999999988,-72.72916666666647,5329.365917907661
1121,18.31249999999988,-72.6874999999998,9030.90973448513
1122,18.31249999999988,-72.64583333333313,9592.682396183021
1123,18.31249999999988,-72.60416666666646,7900.704864600811
1124,18.31249999999988,-72.56249999999979,16099.427455405403
1125,18.31249999999988,-72.52083333333312,22860.4210623015
1126,18.31249999999988,-72.47916666666644,13956.598545993558
1127,18.31249999999988,-72.43749999999977,7383.588300591556
1128,18.31249999999988,-72.3958333333331,7651.655387090033
1129,18.31249999999988,-72.35416666666643,9550.542055562693
1130,18.31249999999988,-72.31249999999976,9096.470863131064
1131,18.31249999999988,-72.27083333333309,9090.597541073741
1132,18.31249999999988,-72.22916666666642,6007.20898905198
1133,18.31249999999988,-72.18749999999974,4460.435268214263
1134,18.31249999999988,-72.14583333333307,4759.084954526944
1135,18.31249999999988,-72.1041666666664,4823.39948244819
1136,18.31249999999988,-72.06249999999973,5821.422383729925
1137,18.31249999999988,-72.02083333333306,4505.43131130246
1138,18.31249999999988,-71.97916666666639,3224.536177758828
1139,18.31249999999988,-71.93749999999972,4637.188348155594
1140,18.31249999999988,-71.89583333333304,5067.651863147639
1141,18.31249999999988,-71.85416666666637,4485.952520463458
1142,18.31249999999988,-71.8124999999997,4486.451160753333
1143,18.31249999999988,-71.77083333333303,4199.067603316353
1144,18.31249999999988,-71.72916666666636,2765.0357270175236
1145,18.27083333333321,-74.1458333333333,5526.030776015633
1146,18.27083333333321,-74.10416666666663,5394.333753220004
1147,18.27083333333321,-74.06249999999996,9755.652381843618
1148,18.27083333333321,-74.02083333333329,6980.123861456503
1149,18.27083333333321,-73.97916666666661,3888.7639120381896
1150,18.27083333333321,-73.93749999999994,7041.464672689417
1151,18.27083333333321,-73.89583333333327,8530.647856719934
1152,18.27083333333321,-73.8541666666666,8903.68879371001
1153,18.27083333333321,-73.81249999999993,6944.022787804183
1154,18.27083333333321,-73.77083333333326,13745.158951929829
1155,18.27083333333321,-73.72916666666659,31454.748264602502
1156,18.27083333333321,-73.68749999999991,7568.777987569833
1157,18.27083333333321,-73.64583333333324,6467.867630547354
1158,18.27083333333321,-73.60416666666657,8309.03567851961
1159,18.27083333333321,-73.5624999999999,9647.604522715243
1160,18.27083333333321,-73.52083333333323,8998.381309759467
1161,18.27083333333321,-73.47916666666656,6248.85539020741
1162,18.27083333333321,-73.43749999999989,5882.174332197252
1163,18.27083333333321,-73.39583333333321,4395.335321419627
1164,18.27083333333321,-73.35416666666654,2140.892549804755
1165,18.27083333333321,-73.31249999999987,1938.8878503049984
1166,18.27083333333321,-73.2708333333332,2221.6875823631976
1167,18.27083333333321,-73.22916666666653,2520.31128943622
1168,18.27083333333321,-73.18749999999986,2687.138487322984
1169,18.27083333333321,-73.14583333333319,2672.066903310978
1170,18.27083333333321,-73.10416666666652,3039.632665195701
1171,18.27083333333321,-73.06249999999984,2750.940277692524
1172,18.27083333333321,-73.02083333333317,5937.4074040475525
1173,18.27083333333321,-72.9791666666665,6605.330030652581
1174,18.27083333333321,-72.93749999999983,7143.495820468711
1175,18.27083333333321,-72.89583333333316,6276.777635324818
1176,18.27083333333321,-72.85416666666649,3498.9661640790464
1177,18.27083333333321,-72.81249999999982,5217.046588444767
1178,18.27083333333321,-72.77083333333314,5061.111136437386
1179,18.27083333333321,-72.72916666666647,5017.561472412956
1180,18.27083333333321,-72.6874999999998,5685.041042217611
1181,18.27083333333321,-72.64583333333313,6670.168976713906
1182,18.27083333333321,-72.60416666666646,7392.562214693683
1183,18.27083333333321,-72.56249999999979,15491.376302571683
1184,18.27083333333321,-72.52083333333312,25312.435951517837
1185,18.27083333333321,-72.47916666666644,23501.19397373741
1186,18.27083333333321,-72.43749999999977,15560.567274749414
1187,18.27083333333321,-72.3958333333331,13902.208893179606
1188,18.27083333333321,-72.35416666666643,16114.963443499984
1189,18.27083333333321,-72.31249999999976,10384.148592120064
1190,18.27083333333321,-72.27083333333309,9550.07724870121
1191,18.27083333333321,-72.22916666666642,7005.49812719285
1192,18.27083333333321,-72.18749999999974,4307.386532650777
1193,18.27083333333321,-72.14583333333307,4877.008952514573
1194,18.27083333333321,-72.1041666666664,5286.647589552296
1195,18.27083333333321,-72.06249999999973,7540.414296767688
1196,18.27083333333321,-72.02083333333306,6322.883334308499
1197,18.27083333333321,-71.97916666666639,4941.170021671326
1198,18.27083333333321,-71.93749999999972,5401.984941383558
1199,18.27083333333321,-71.89583333333304,5918.77122668708
1200,18.27083333333321,-71.85416666666637,8433.896334885463
1201,18.27083333333321,-71.8124999999997,10273.170919204485
1202,18.27083333333321,-71.77083333333303,6113.395204060965
1203,18.229166666666544,-74.06249999999996,6314.8132560791355
1204,18.229166666666544,-74.02083333333329,8087.027971430228
1205,18.229166666666544,-73.97916666666661,6534.372470178086
1206,18.229166666666544,-73.93749999999994,9304.454614151873
1207,18.229166666666544,-73.89583333333327,8199.453231746302
1208,18.229166666666544,-73.8541666666666,8653.787036026877
1209,18.229166666666544,-73.81249999999993,9942.23326717507
1210,18.229166666666544,-73.77083333333326,27974.58704224698
1211,18.229166666666544,-73.72916666666659,27203.47809795041
1212,18.229166666666544,-73.64583333333324,2337.0740732214103
1213,18.229166666666544,-73.60416666666657,6533.220119718204
1214,18.229166666666544,-73.35416666666654,613.2551570382967
1215,18.229166666666544,-73.2708333333332,605.0741635667486
1216,18.229166666666544,-73.22916666666653,735.3637258107342
1217,18.229166666666544,-73.18749999999986,829.6398188152025
1218,18.229166666666544,-73.14583333333319,1025.3532627917348
1219,18.229166666666544,-73.10416666666652,1862.3445519145118
1220,18.229166666666544,-73.06249999999984,2245.1162245775367
1221,18.229166666666544,-73.02083333333317,4319.611678109833
1222,18.229166666666544,-72.9791666666665,6857.4164611404685
1223,18.229166666666544,-72.93749999999983,6937.51790841687
1224,18.229166666666544,-72.89583333333316,7024.395708065542
1225,18.229166666666544,-72.85416666666649,6072.072101847871
1226,18.229166666666544,-72.81249999999982,7011.964339804858
1227,18.229166666666544,-72.77083333333314,6259.381614226484
1228,18.229166666666544,-72.72916666666647,5379.92635162965
1229,18.229166666666544,-72.6874999999998,5464.547381048779
1230,18.229166666666544,-72.64583333333313,7120.239366238152
1231,18.229166666666544,-72.60416666666646,8870.933201679427
1232,18.229166666666544,-72.56249999999979,8746.571991161269
1233,18.229166666666544,-72.52083333333312,16529.993276240442
1234,18.229166666666544,-72.47916666666644,17523.745512745478
1235,18.229166666666544,-72.43749999999977,13396.486138960341
1236,18.229166666666544,-72.3958333333331,8526.25998328059
1237,18.229166666666544,-72.35416666666643,7459.109346109905
1238,18.229166666666544,-72.31249999999976,6919.673997171249
1239,18.229166666666544,-72.27083333333309,5960.4088992284405
1240,18.229166666666544,-72.22916666666642,4825.893086676479
1241,18.229166666666544,-72.18749999999974,2257.671850131781
1242,18.229166666666544,-72.02083333333306,3913.128411048592
1243,18.229166666666544,-71.97916666666639,4729.8581085218875
1244,18.229166666666544,-71.93749999999972,5400.308575562506
1245,18.229166666666544,-71.89583333333304,5589.7673162018455
1246,18.229166666666544,-71.85416666666637,9267.539927102503
1247,18.229166666666544,-71.8124999999997,8979.88892446966
1248,18.229166666666544,-71.77083333333303,4079.2050304376307
1249,18.187499999999876,-73.97916666666661,8360.390795029907
1250,18.187499999999876,-73.93749999999994,10649.13683663485
1251,18.187499999999876,-73.89583333333327,10868.735925845836
1252,18.187499999999876,-73.8541666666666,11684.51788454524
1253,18.187499999999876,-73.81249999999993,18121.520970041787
1254,18.187499999999876,-73.77083333333326,22709.338693373855
1255,18.187499999999876,-73.06249999999984,1123.837942273486
1256,18.187499999999876,-73.02083333333317,1960.7273283321772
1257,18.187499999999876,-72.9791666666665,4780.8305850682245
1258,18.187499999999876,-72.93749999999983,6111.3269343610355
1259,18.187499999999876,-72.89583333333316,6579.849834063054
1260,18.187499999999876,-72.85416666666649,5378.9036959786035
1261,18.187499999999876,-72.81249999999982,5846.540884858783
1262,18.187499999999876,-72.77083333333314,5976.038332030008
1263,18.187499999999876,-72.72916666666647,4105.682104828001
1264,18.187499999999876,-72.6874999999998,3524.747236513919
1265,18.187499999999876,-72.64583333333313,3478.202911297868
1266,18.187499999999876,-72.60416666666646,5567.144835974732
1267,18.187499999999876,-72.56249999999979,4936.851828983314
1268,18.187499999999876,-71.93749999999972,2280.7633663989263
1269,18.187499999999876,-71.89583333333304,3280.7735788197956
1270,18.187499999999876,-71.85416666666637,3819.471842354193
1271,18.187499999999876,-71.8124999999997,4157.454903067378
1272,18.145833333333208,-73.93749999999994,10652.43801257655
1273,18.145833333333208,-73.89583333333327,16387.85582133345
1274,18.145833333333208,-73.8541666666666,13903.907009061768
1275,18.145833333333208,-71.85416666666637,2717.556350563228
1276,18.145833333333208,-71.8124999999997,3443.277952061089
1277,18.145833333333208,-71.77083333333303,1971.050954559808
1278,18.10416666666654,-73.93749999999994,4627.8128634807645
1279,18.10416666666654,-73.89583333333327,8887.325497735457
1280,18.10416666666654,-73.8541666666666,7880.454752150246
1281,18.10416666666654,-71.8124999999997,2641.006607710191
1282,18.10416666666654,-71.77083333333303,2423.031523062032
1283,18.062499999999872,-73.89583333333327,6742.656291486421
1284,18.062499999999872,-73.8541666666666,8891.901871704415
1285,18.062499999999872,-73.81249999999993,6040.276734737372
1286,18.062499999999872,-71.77083333333303,1576.204876444582
1287,18.937499999999925,-73.27083333333334,1753.137092305883
1288,18.937499999999925,-73.22916666666667,2253.3599005168653
1289,18.937499999999925,-73.1875,2224.386805224751
1290,18.937499999999925,-73.14583333333333,1143.8739777336864
1291,18.895833333333258,-73.27083333333334,1171.1836968245775
1292,18.895833333333258,-73.22916666666667,1914.67600450127
1293,18.895833333333258,-73.1875,2756.748953734886
1294,18.895833333333258,-73.14583333333333,1981.5854355465265
1295,18.895833333333258,-73.10416666666666,536.4608266925072
1296,18.895833333333258,-73.06249999999999,185.37364365831937
1297,18.895833333333258,-73.02083333333331,124.32341223487684
1298,18.85416666666659,-73.22916666666667,1233.8958695493789
1299,18.85416666666659,-73.1875,3049.1879906535924
1300,18.85416666666659,-73.14583333333333,3366.472645990017
1301,18.85416666666659,-73.10416666666666,1252.5718213271573
1302,18.85416666666659,-73.06249999999999,452.95760944177675
1303,18.85416666666659,-73.02083333333331,255.33876948681652
1304,18.85416666666659,-72.97916666666664,2163.4465576172647
1305,18.85416666666659,-72.93749999999997,45288.55724338251
1306,18.812499999999922,-73.10416666666666,1259.203576070942
1307,18.812499999999922,-73.06249999999999,1233.3838368607642
1308,18.812499999999922,-73.02083333333331,994.1924738530447
1309,18.812499999999922,-72.97916666666664,5548.926340343341
1310,18.812499999999922,-72.93749999999997,82484.07463733261
1311,18.812499999999922,-72.8958333333333,87250.86958574389
1312,18.812499999999922,-72.85416666666663,11572.49218090732
1313,18.770833333333254,-73.02083333333331,1042.3966509548613
1314,18.770833333333254,-72.97916666666664,17614.33048947656
1315,18.770833333333254,-72.93749999999997,54371.87254177372
1316,18.770833333333254,-72.8958333333333,16717.949248768695
1317,18.770833333333254,-72.85416666666663,506.75970852159566
1318,18.770833333333254,-72.81249999999996,154.21285471962923
1319,18.729166666666586,-72.85416666666663,128.56931869548674
1320,18.729166666666586,-72.81249999999996,135.4987648138639
1321,20.062499999999925,-72.93750000000001,1835.9961653857058
1322,20.062499999999925,-72.89583333333334,3718.4927530863342
1323,20.062499999999925,-72.85416666666667,4345.043541230228
1324,20.062499999999925,-72.8125,4492.775192410312
1325,20.062499999999925,-72.77083333333333,3694.302254564806
1326,20.020833333333258,-72.77083333333333,3359.287674414129
1327,20.020833333333258,-72.72916666666666,6181.563117808739
1328,20.020833333333258,-72.68749999999999,5904.327574994878
