,lat,lon,intensity
0,20.08327740001127,-72.87491429998073,45.3735660409987
1,20.08327740001127,-72.83324759998072,45.550194435462465
2,20.041610700011276,-72.91658099998074,45.11337871459536
3,20.041610700011276,-72.87491429998073,45.3649293871402
4,20.041610700011276,-72.83324759998072,45.53340264701204
5,20.041610700011276,-72.79158089998072,45.67480809144189
6,20.041610700011276,-72.74991419998071,45.907403095919456
7,20.041610700011276,-72.7082474999807,46.189923374122394
8,19.999944000011283,-72.7082474999807,45.84870688348221
9,19.999944000011283,-72.6665807999807,46.01639139774757
10,19.916610600011296,-73.16658119998078,43.06310119007071
11,19.916610600011296,-73.12491449998078,43.30768535343705
12,19.916610600011296,-72.99991439998075,43.91047077602261
13,19.916610600011296,-72.95824769998075,44.031447885477625
14,19.916610600011296,-72.91658099998074,44.403466758537895
15,19.916610600011296,-72.87491429998073,44.699254553511985
16,19.916610600011296,-72.83324759998072,44.991277462212366
17,19.916610600011296,-72.79158089998072,45.19261820810793
18,19.916610600011296,-72.74991419998071,45.245642893910436
19,19.916610600011296,-72.7082474999807,45.263966478083425
20,19.916610600011296,-72.6665807999807,45.28955757556895
21,19.874943900011303,-73.2499145999808,42.31610915906171
22,19.874943900011303,-73.20824789998079,42.475849801810405
23,19.874943900011303,-73.16658119998078,42.64881334938475
24,19.874943900011303,-73.12491449998078,42.86937723313907
25,19.874943900011303,-73.08324779998077,43.085514113208745
26,19.874943900011303,-73.04158109998076,43.405467939735885
27,19.874943900011303,-72.99991439998075,43.6510368596623
28,19.874943900011303,-72.95824769998075,43.9838877135553
29,19.874943900011303,-72.91658099998074,44.24064826492176
30,19.874943900011303,-72.87491429998073,44.50593959860826
31,19.874943900011303,-72.83324759998072,44.518218008773154
32,19.874943900011303,-72.79158089998072,44.485868009719
33,19.874943900011303,-72.74991419998071,44.766694875269415
34,19.874943900011303,-72.7082474999807,45.03905326805932
35,19.874943900011303,-72.6665807999807,45.16704057494523
36,19.874943900011303,-72.62491409998069,45.16370230406153
37,19.874943900011303,-72.58324739998068,45.006975296895575
38,19.83327720001131,-73.37491469998082,41.88263693882702
39,19.83327720001131,-73.33324799998081,41.89868158704293
40,19.83327720001131,-73.2915812999808,41.90116750328304
41,19.83327720001131,-73.2499145999808,41.90797118305941
42,19.83327720001131,-73.20824789998079,42.12628487726175
43,19.83327720001131,-73.16658119998078,42.37206118510201
44,19.83327720001131,-73.12491449998078,42.55818556955889
45,19.83327720001131,-73.08324779998077,42.79604111149601
46,19.83327720001131,-73.04158109998076,42.94999077492092
47,19.83327720001131,-72.99991439998075,43.4171734143075
48,19.83327720001131,-72.95824769998075,43.85666318236026
49,19.83327720001131,-72.91658099998074,44.197878456021975
50,19.83327720001131,-72.87491429998073,44.346608849494686
51,19.83327720001131,-72.83324759998072,44.32320622354647
52,19.83327720001131,-72.79158089998072,44.29004508001893
53,19.83327720001131,-72.74991419998071,44.366792924233586
54,19.83327720001131,-72.7082474999807,44.79320552845452
55,19.83327720001131,-72.6665807999807,44.95930407102211
56,19.83327720001131,-72.62491409998069,44.84035087989527
57,19.83327720001131,-72.58324739998068,44.59034246579526
58,19.83327720001131,-72.54158069998067,44.3816846978118
59,19.791610500011316,-73.37491469998082,41.622617252737435
60,19.791610500011316,-73.33324799998081,41.61768474704635
61,19.791610500011316,-73.2915812999808,41.69692375120957
62,19.791610500011316,-73.2499145999808,41.78968157354613
63,19.791610500011316,-73.20824789998079,42.07586296331635
64,19.791610500011316,-73.16658119998078,42.31141970246994
65,19.791610500011316,-73.12491449998078,42.55124215911853
66,19.791610500011316,-73.08324779998077,42.727648262397345
67,19.791610500011316,-73.04158109998076,42.97358754997364
68,19.791610500011316,-72.99991439998075,43.24313154971306
69,19.791610500011316,-72.95824769998075,43.589961614723045
70,19.791610500011316,-72.91658099998074,44.03632638318123
71,19.791610500011316,-72.87491429998073,44.210080384836296
72,19.791610500011316,-72.83324759998072,44.22642755661719
73,19.791610500011316,-72.79158089998072,44.35099011705164
74,19.791610500011316,-72.74991419998071,44.43765865817253
75,19.791610500011316,-72.7082474999807,44.575889841059116
76,19.791610500011316,-72.6665807999807,44.7650957570049
77,19.791610500011316,-72.62491409998069,44.5892709212938
78,19.791610500011316,-72.58324739998068,44.24918305891973
79,19.791610500011316,-72.54158069998067,44.104492538278905
80,19.791610500011316,-72.49991399998066,44.07038828850071
81,19.791610500011316,-72.45824729998066,43.965115386327334
82,19.791610500011316,-72.41658059998065,43.70218564141011
83,19.749943800011323,-73.41658139998083,41.32133154902371
84,19.749943800011323,-73.37491469998082,41.37972743246624
85,19.749943800011323,-73.33324799998081,41.472341702517404
86,19.749943800011323,-73.2915812999808,41.517052067473536
87,19.749943800011323,-73.2499145999808,41.6899489812226
88,19.749943800011323,-73.20824789998079,41.92974426828649
89,19.749943800011323,-73.16658119998078,42.20118759002415
90,19.749943800011323,-73.12491449998078,42.4185108864518
91,19.749943800011323,-73.08324779998077,42.554954706894115
92,19.749943800011323,-73.04158109998076,42.86620606057717
93,19.749943800011323,-72.99991439998075,43.14136454386056
94,19.749943800011323,-72.95824769998075,43.35748259292346
95,19.749943800011323,-72.91658099998074,43.735476382050265
96,19.749943800011323,-72.87491429998073,43.99782681178328
97,19.749943800011323,-72.83324759998072,44.18791716231172
98,19.749943800011323,-72.79158089998072,44.405286290283414
99,19.749943800011323,-72.74991419998071,44.52931489905489
100,19.749943800011323,-72.7082474999807,44.53254321354846
101,19.749943800011323,-72.6665807999807,44.601203560110875
102,19.749943800011323,-72.62491409998069,44.4024210537564
103,19.749943800011323,-72.58324739998068,44.1778007220788
104,19.749943800011323,-72.54158069998067,44.04126939733918
105,19.749943800011323,-72.49991399998066,43.87679434141533
106,19.749943800011323,-72.45824729998066,43.7099420246403
107,19.749943800011323,-72.41658059998065,43.47457352135803
108,19.749943800011323,-72.37491389998064,43.095734719415724
109,19.749943800011323,-72.33324719998063,42.83939424825532
110,19.749943800011323,-72.29158049998063,42.65651205735558
111,19.749943800011323,-72.24991379998062,42.44453683300429
112,19.70827710001133,-73.45824809998084,40.86619828525255
113,19.70827710001133,-73.41658139998083,41.00174484397281
114,19.70827710001133,-73.37491469998082,41.12675667812119
115,19.70827710001133,-73.33324799998081,41.28519994320159
116,19.70827710001133,-73.2915812999808,41.29297241178317
117,19.70827710001133,-73.2499145999808,41.49342413307244
118,19.70827710001133,-73.20824789998079,41.62007408318371
119,19.70827710001133,-73.16658119998078,41.837396765758605
120,19.70827710001133,-73.12491449998078,42.01839647907284
121,19.70827710001133,-73.08324779998077,42.20325892370075
122,19.70827710001133,-73.04158109998076,42.46366390334846
123,19.70827710001133,-72.99991439998075,42.82334817898315
124,19.70827710001133,-72.95824769998075,43.19203475684532
125,19.70827710001133,-72.91658099998074,43.49488365510244
126,19.70827710001133,-72.87491429998073,43.644381436344936
127,19.70827710001133,-72.83324759998072,43.91302462828999
128,19.70827710001133,-72.79158089998072,44.24569237835069
129,19.70827710001133,-72.74991419998071,44.43649515961889
130,19.70827710001133,-72.7082474999807,44.45205304328114
131,19.70827710001133,-72.6665807999807,44.34231924145732
132,19.70827710001133,-72.62491409998069,44.19097519658011
133,19.70827710001133,-72.58324739998068,44.0774903480109
134,19.70827710001133,-72.54158069998067,43.97115185890396
135,19.70827710001133,-72.49991399998066,43.82221811771409
136,19.70827710001133,-72.45824729998066,43.55712469374311
137,19.70827710001133,-72.41658059998065,43.2833993390218
138,19.70827710001133,-72.37491389998064,42.893409589324776
139,19.70827710001133,-72.33324719998063,42.64070450734061
140,19.70827710001133,-72.29158049998063,42.458089324326316
141,19.70827710001133,-72.24991379998062,42.25292989809841
142,19.70827710001133,-72.20824709998061,42.02497065129736
143,19.70827710001133,-72.1665803999806,41.771220007916284
144,19.70827710001133,-72.1249136999806,41.63512351429273
145,19.70827710001133,-72.08324699998059,41.59344135919348
146,19.70827710001133,-72.04158029998058,41.556739158445964
147,19.70827710001133,-71.99991359998057,41.5427194102418
148,19.70827710001133,-71.95824689998057,41.52881764391625
149,19.70827710001133,-71.91658019998056,41.54996736826405
150,19.70827710001133,-71.87491349998055,41.71502969379776
151,19.70827710001133,-71.83324679998054,41.90203622627232
152,19.70827710001133,-71.79158009998054,41.97391604818691
153,19.666610400011336,-73.41658139998083,40.699824177936044
154,19.666610400011336,-73.37491469998082,40.90617682531034
155,19.666610400011336,-73.33324799998081,41.04780542477232
156,19.666610400011336,-73.2915812999808,41.03409529394333
157,19.666610400011336,-73.2499145999808,41.148677417460185
158,19.666610400011336,-73.20824789998079,41.324041212954874
159,19.666610400011336,-73.16658119998078,41.580707991351105
160,19.666610400011336,-73.12491449998078,41.799935516960616
161,19.666610400011336,-73.08324779998077,42.08667963787133
162,19.666610400011336,-73.04158109998076,42.42262212567381
163,19.666610400011336,-72.99991439998075,42.65241238731688
164,19.666610400011336,-72.95824769998075,43.25325751813983
165,19.666610400011336,-72.91658099998074,43.65174087129987
166,19.666610400011336,-72.87491429998073,43.79682713323802
167,19.666610400011336,-72.83324759998072,43.95631501782612
168,19.666610400011336,-72.79158089998072,44.05424009962188
169,19.666610400011336,-72.74991419998071,44.403593936744116
170,19.666610400011336,-72.7082474999807,44.54131414400656
171,19.666610400011336,-72.6665807999807,44.42780933679054
172,19.666610400011336,-72.62491409998069,44.16931395111646
173,19.666610400011336,-72.58324739998068,43.94616560362047
174,19.666610400011336,-72.54158069998067,43.78511688107456
175,19.666610400011336,-72.49991399998066,43.69149150216094
176,19.666610400011336,-72.45824729998066,43.487521702612945
177,19.666610400011336,-72.41658059998065,43.154696802161396
178,19.666610400011336,-72.37491389998064,42.75981065614157
179,19.666610400011336,-72.33324719998063,42.49740662803814
180,19.666610400011336,-72.29158049998063,42.27854347215212
181,19.666610400011336,-72.24991379998062,42.09392050426975
182,19.666610400011336,-72.20824709998061,41.88930040667482
183,19.666610400011336,-72.1665803999806,41.60510658662152
184,19.666610400011336,-72.1249136999806,41.454059732714995
185,19.666610400011336,-72.08324699998059,41.38473080892618
186,19.666610400011336,-72.04158029998058,41.298675293859674
187,19.666610400011336,-71.99991359998057,41.246278345133554
188,19.666610400011336,-71.95824689998057,41.221344391064434
189,19.666610400011336,-71.91658019998056,41.22100767043099
190,19.666610400011336,-71.87491349998055,41.295527827273446
191,19.666610400011336,-71.79158009998054,41.48463640222027
192,19.666610400011336,-71.74991339998053,41.5382511096488
193,19.624943700011343,-73.16658119998078,41.354505110878705
194,19.624943700011343,-73.08324779998077,42.081067641220244
195,19.624943700011343,-73.04158109998076,42.54087225435516
196,19.624943700011343,-72.99991439998075,42.85037948858161
197,19.624943700011343,-72.95824769998075,43.18635741932176
198,19.624943700011343,-72.91658099998074,43.696029696491856
199,19.624943700011343,-72.87491429998073,43.992164497288314
200,19.624943700011343,-72.83324759998072,44.17312816393277
201,19.624943700011343,-72.79158089998072,44.26440675410145
202,19.624943700011343,-72.74991419998071,44.27081035690417
203,19.624943700011343,-72.7082474999807,44.5745248461194
204,19.624943700011343,-72.6665807999807,44.617871052830125
205,19.624943700011343,-72.62491409998069,44.38692521235354
206,19.624943700011343,-72.58324739998068,44.11044466073996
207,19.624943700011343,-72.54158069998067,43.856327643727106
208,19.624943700011343,-72.49991399998066,43.563082353687015
209,19.624943700011343,-72.45824729998066,43.458673278030815
210,19.624943700011343,-72.41658059998065,43.15082862747294
211,19.624943700011343,-72.37491389998064,42.767215827954324
212,19.624943700011343,-72.33324719998063,42.43605546624446
213,19.624943700011343,-72.29158049998063,42.19476519615635
214,19.624943700011343,-72.24991379998062,42.02100097062847
215,19.624943700011343,-72.20824709998061,41.810546400467885
216,19.624943700011343,-72.1665803999806,41.54638722416746
217,19.624943700011343,-72.1249136999806,41.34111984721566
218,19.624943700011343,-72.08324699998059,41.23930507042269
219,19.624943700011343,-72.04158029998058,41.12421804666923
220,19.624943700011343,-71.99991359998057,41.00181589751881
221,19.624943700011343,-71.95824689998057,40.88435237585327
222,19.624943700011343,-71.91658019998056,40.881295659242134
223,19.624943700011343,-71.87491349998055,40.91480034686147
224,19.624943700011343,-71.83324679998054,41.01893974807614
225,19.624943700011343,-71.79158009998054,41.10256629725401
226,19.624943700011343,-71.74991339998053,41.19790122358809
227,19.58327700001135,-72.95824769998075,43.20532378758167
228,19.58327700001135,-72.91658099998074,43.529074724924286
229,19.58327700001135,-72.87491429998073,43.89095119040443
230,19.58327700001135,-72.83324759998072,44.211696167077854
231,19.58327700001135,-72.79158089998072,44.38286338647186
232,19.58327700001135,-72.74991419998071,44.3853298992753
233,19.58327700001135,-72.7082474999807,44.450315438151534
234,19.58327700001135,-72.6665807999807,44.64578049172913
235,19.58327700001135,-72.62491409998069,44.53899854236834
236,19.58327700001135,-72.58324739998068,44.3184495144946
237,19.58327700001135,-72.54158069998067,44.10221950091387
238,19.58327700001135,-72.49991399998066,43.76324141336112
239,19.58327700001135,-72.45824729998066,43.456229129633705
240,19.58327700001135,-72.41658059998065,43.230676026065545
241,19.58327700001135,-72.37491389998064,42.87942201074463
242,19.58327700001135,-72.33324719998063,42.5008373246056
243,19.58327700001135,-72.29158049998063,42.21551595927144
244,19.58327700001135,-72.24991379998062,41.94734875609537
245,19.58327700001135,-72.20824709998061,41.75153664941686
246,19.58327700001135,-72.1665803999806,41.50294606901439
247,19.58327700001135,-72.1249136999806,41.22628608207679
248,19.58327700001135,-72.08324699998059,41.0828915747175
249,19.58327700001135,-72.04158029998058,40.938499149489886
250,19.58327700001135,-71.99991359998057,40.81995238428971
251,19.58327700001135,-71.95824689998057,40.70728414583365
252,19.58327700001135,-71.91658019998056,40.68883409069673
253,19.58327700001135,-71.87491349998055,40.71308792469847
254,19.58327700001135,-71.83324679998054,40.767525401379956
255,19.58327700001135,-71.79158009998054,40.844402783182005
256,19.58327700001135,-71.74991339998053,40.97032259597199
257,19.541610300011357,-72.87491429998073,43.74305333715989
258,19.541610300011357,-72.83324759998072,44.00745802681731
259,19.541610300011357,-72.79158089998072,44.30028745683542
260,19.541610300011357,-72.74991419998071,44.39691852302077
261,19.541610300011357,-72.7082474999807,44.30499551528732
262,19.541610300011357,-72.6665807999807,44.48643968883887
263,19.541610300011357,-72.62491409998069,44.506052616063776
264,19.541610300011357,-72.58324739998068,44.4066021879975
265,19.541610300011357,-72.54158069998067,44.324728379463714
266,19.541610300011357,-72.49991399998066,44.058642565744854
267,19.541610300011357,-72.45824729998066,43.65907188945483
268,19.541610300011357,-72.41658059998065,43.340475168690375
269,19.541610300011357,-72.37491389998064,43.07641617745628
270,19.541610300011357,-72.33324719998063,42.73089041765404
271,19.541610300011357,-72.29158049998063,42.39640063391837
272,19.541610300011357,-72.24991379998062,42.08626358102098
273,19.541610300011357,-72.20824709998061,41.84124639498569
274,19.541610300011357,-72.1665803999806,41.537822633108775
275,19.541610300011357,-72.1249136999806,41.17495195937592
276,19.541610300011357,-72.08324699998059,40.93656764138725
277,19.541610300011357,-72.04158029998058,40.8365727242102
278,19.541610300011357,-71.99991359998057,40.721785025680916
279,19.541610300011357,-71.95824689998057,40.638338195970256
280,19.541610300011357,-71.91658019998056,40.60500601562792
281,19.541610300011357,-71.87491349998055,40.61661256757469
282,19.541610300011357,-71.83324679998054,40.64471473855985
283,19.541610300011357,-71.79158009998054,40.7218528854599
284,19.541610300011357,-71.74991339998053,40.854373598745426
285,19.499943600011363,-72.79158089998072,44.3672886942761
286,19.499943600011363,-72.74991419998071,44.609574521451286
287,19.499943600011363,-72.7082474999807,44.61056214148534
288,19.499943600011363,-72.6665807999807,44.62764482251475
289,19.499943600011363,-72.62491409998069,44.39088422349605
290,19.499943600011363,-72.58324739998068,44.05817362824842
291,19.499943600011363,-72.54158069998067,44.17111895472953
292,19.499943600011363,-72.49991399998066,44.11470410923472
293,19.499943600011363,-72.45824729998066,43.849410220796265
294,19.499943600011363,-72.41658059998065,43.42283033363758
295,19.499943600011363,-72.37491389998064,43.280214887835285
296,19.499943600011363,-72.33324719998063,43.020589310331225
297,19.499943600011363,-72.29158049998063,42.65003916604991
298,19.499943600011363,-72.24991379998062,42.31230536918018
299,19.499943600011363,-72.20824709998061,42.00117302629026
300,19.499943600011363,-72.1665803999806,41.673708678823296
301,19.499943600011363,-72.1249136999806,41.29149340597169
302,19.499943600011363,-72.08324699998059,41.02283636859741
303,19.499943600011363,-72.04158029998058,40.86825597774037
304,19.499943600011363,-71.99991359998057,40.73762821851325
305,19.499943600011363,-71.95824689998057,40.68084121122862
306,19.499943600011363,-71.91658019998056,40.66020100699775
307,19.499943600011363,-71.87491349998055,40.61233905162096
308,19.499943600011363,-71.83324679998054,40.62592038522668
309,19.499943600011363,-71.79158009998054,40.6526667203672
310,19.499943600011363,-71.74991339998053,40.7845716529845
311,19.45827690001137,-72.74991419998071,44.7036134620031
312,19.45827690001137,-72.7082474999807,44.85766048604717
313,19.45827690001137,-72.6665807999807,44.77363820329086
314,19.45827690001137,-72.62491409998069,44.520522613966016
315,19.45827690001137,-72.58324739998068,44.198187796848984
316,19.45827690001137,-72.54158069998067,43.87487191709107
317,19.45827690001137,-72.49991399998066,44.035983464950675
318,19.45827690001137,-72.45824729998066,43.978291722971186
319,19.45827690001137,-72.41658059998065,43.72317137405788
320,19.45827690001137,-72.37491389998064,43.4821701014342
321,19.45827690001137,-72.33324719998063,43.25962995100502
322,19.45827690001137,-72.29158049998063,42.938489085596565
323,19.45827690001137,-72.24991379998062,42.57193740440417
324,19.45827690001137,-72.20824709998061,42.232666168990406
325,19.45827690001137,-72.1665803999806,41.86529496010356
326,19.45827690001137,-72.1249136999806,41.508468165207645
327,19.45827690001137,-72.08324699998059,41.211779048991026
328,19.45827690001137,-72.04158029998058,41.06522544844966
329,19.45827690001137,-71.99991359998057,40.92817305821804
330,19.45827690001137,-71.95824689998057,40.80260459885671
331,19.45827690001137,-71.91658019998056,40.75235664244717
332,19.45827690001137,-71.87491349998055,40.70596851895201
333,19.45827690001137,-71.83324679998054,40.65634961227333
334,19.45827690001137,-71.79158009998054,40.64931399559276
335,19.45827690001137,-71.74991339998053,40.71355964019058
336,19.45827690001137,-71.70824669998052,40.8297105134133
337,19.416610200011377,-72.7082474999807,44.99278253976381
338,19.416610200011377,-72.6665807999807,45.047596330997386
339,19.416610200011377,-72.62491409998069,44.8617807008051
340,19.416610200011377,-72.58324739998068,44.60502559499119
341,19.416610200011377,-72.54158069998067,44.28302525382213
342,19.416610200011377,-72.49991399998066,44.155789518703436
343,19.416610200011377,-72.45824729998066,44.1761384758099
344,19.416610200011377,-72.41658059998065,43.95669769330011
345,19.416610200011377,-72.37491389998064,43.59292590836288
346,19.416610200011377,-72.33324719998063,43.25645401266902
347,19.416610200011377,-72.29158049998063,42.91265076750554
348,19.416610200011377,-72.24991379998062,42.6209665288673
349,19.416610200011377,-72.20824709998061,42.36254660236344
350,19.416610200011377,-72.1665803999806,42.042489600292285
351,19.416610200011377,-72.1249136999806,41.64314552424551
352,19.416610200011377,-72.08324699998059,41.394114086625066
353,19.416610200011377,-72.04158029998058,41.293626503299215
354,19.416610200011377,-71.99991359998057,41.20875494083758
355,19.416610200011377,-71.95824689998057,41.04370025222748
356,19.416610200011377,-71.91658019998056,40.95200491285641
357,19.416610200011377,-71.87491349998055,40.87186344282939
358,19.416610200011377,-71.83324679998054,40.798314267268125
359,19.416610200011377,-71.79158009998054,40.68822762835811
360,19.416610200011377,-71.74991339998053,40.659215739654385
361,19.416610200011377,-71.70824669998052,40.69070059558334
362,19.374943500011383,-72.74991419998071,44.59199288497467
363,19.374943500011383,-72.7082474999807,44.851229148399995
364,19.374943500011383,-72.6665807999807,45.10694324926824
365,19.374943500011383,-72.62491409998069,45.07686940015177
366,19.374943500011383,-72.58324739998068,44.98439508231953
367,19.374943500011383,-72.54158069998067,44.717515718934266
368,19.374943500011383,-72.49991399998066,44.368044884122824
369,19.374943500011383,-72.45824729998066,44.36275768998967
370,19.374943500011383,-72.41658059998065,44.046024685983674
371,19.374943500011383,-72.37491389998064,43.5269046967958
372,19.374943500011383,-72.33324719998063,43.00821591995552
373,19.374943500011383,-72.29158049998063,42.61034920078488
374,19.374943500011383,-72.24991379998062,42.37611948306419
375,19.374943500011383,-72.20824709998061,42.29396956984047
376,19.374943500011383,-72.1665803999806,42.07101400796917
377,19.374943500011383,-72.1249136999806,41.679178786386856
378,19.374943500011383,-72.08324699998059,41.567184639679525
379,19.374943500011383,-72.04158029998058,41.49956438603194
380,19.374943500011383,-71.99991359998057,41.49343340378694
381,19.374943500011383,-71.95824689998057,41.36688167289596
382,19.374943500011383,-71.91658019998056,41.24761307458969
383,19.374943500011383,-71.87491349998055,41.09448932287657
384,19.374943500011383,-71.83324679998054,40.90317072159539
385,19.374943500011383,-71.79158009998054,40.716563505479314
386,19.374943500011383,-71.74991339998053,40.65281654284508
387,19.33327680001139,-72.74991419998071,44.812778898019246
388,19.33327680001139,-72.7082474999807,44.85204405424041
389,19.33327680001139,-72.6665807999807,44.82717373724295
390,19.33327680001139,-72.62491409998069,45.02834295933418
391,19.33327680001139,-72.58324739998068,45.11285137312312
392,19.33327680001139,-72.54158069998067,44.986827715752035
393,19.33327680001139,-72.49991399998066,44.68076360310489
394,19.33327680001139,-72.45824729998066,44.4683929757624
395,19.33327680001139,-72.41658059998065,44.03752178601392
396,19.33327680001139,-72.37491389998064,43.52659453721657
397,19.33327680001139,-72.33324719998063,43.07822494610958
398,19.33327680001139,-72.29158049998063,42.7133698837221
399,19.33327680001139,-72.24991379998062,42.41382181279031
400,19.33327680001139,-72.20824709998061,42.15488809776864
401,19.33327680001139,-72.1665803999806,42.03265522115231
402,19.33327680001139,-72.1249136999806,41.82486291636946
403,19.33327680001139,-72.08324699998059,41.7831022970567
404,19.33327680001139,-72.04158029998058,41.7945154401847
405,19.33327680001139,-71.99991359998057,41.83419492390044
406,19.33327680001139,-71.95824689998057,41.72650795094731
407,19.33327680001139,-71.91658019998056,41.55782388600794
408,19.33327680001139,-71.87491349998055,41.33508693676066
409,19.33327680001139,-71.83324679998054,41.06846674914431
410,19.33327680001139,-71.79158009998054,40.84773248291678
411,19.291610100011397,-72.74991419998071,45.26964010017437
412,19.291610100011397,-72.7082474999807,45.19568952268848
413,19.291610100011397,-72.6665807999807,45.18604238151082
414,19.291610100011397,-72.62491409998069,44.90359167079993
415,19.291610100011397,-72.58324739998068,45.150791327881514
416,19.291610100011397,-72.54158069998067,45.13120047882187
417,19.291610100011397,-72.49991399998066,44.87753893821863
418,19.291610100011397,-72.45824729998066,44.49307628960726
419,19.291610100011397,-72.41658059998065,44.11317966952264
420,19.291610100011397,-72.37491389998064,43.657259474443144
421,19.291610100011397,-72.33324719998063,43.278837868132605
422,19.291610100011397,-72.29158049998063,42.95760450628483
423,19.291610100011397,-72.24991379998062,42.67148597885807
424,19.291610100011397,-72.20824709998061,42.44077611663586
425,19.291610100011397,-72.1665803999806,42.265315589960714
426,19.291610100011397,-72.1249136999806,42.195097481108675
427,19.291610100011397,-72.08324699998059,42.047374455775625
428,19.291610100011397,-72.04158029998058,41.8842631835959
429,19.291610100011397,-71.99991359998057,41.78433319442785
430,19.291610100011397,-71.95824689998057,41.758966708107955
431,19.291610100011397,-71.91658019998056,41.75164284022948
432,19.291610100011397,-71.87491349998055,41.595274046681126
433,19.291610100011397,-71.83324679998054,41.37111769535629
434,19.291610100011397,-71.79158009998054,41.22981085330376
435,19.249943400011404,-72.74991419998071,45.61135619975906
436,19.249943400011404,-72.7082474999807,45.677646006482405
437,19.249943400011404,-72.6665807999807,45.566502580374035
438,19.249943400011404,-72.62491409998069,45.241251229652526
439,19.249943400011404,-72.58324739998068,45.08149188775373
440,19.249943400011404,-72.54158069998067,45.185145761239106
441,19.249943400011404,-72.49991399998066,45.04145682590102
442,19.249943400011404,-72.45824729998066,44.70161629050605
443,19.249943400011404,-72.41658059998065,44.30418383556295
444,19.249943400011404,-72.37491389998064,43.865841607038405
445,19.249943400011404,-72.33324719998063,43.443602864892526
446,19.249943400011404,-72.29158049998063,43.116622389920806
447,19.249943400011404,-72.24991379998062,42.830252546210986
448,19.249943400011404,-72.20824709998061,42.64747603273308
449,19.249943400011404,-72.1665803999806,42.4985689321198
450,19.249943400011404,-72.1249136999806,42.319123648002346
451,19.249943400011404,-72.08324699998059,42.006890802811576
452,19.249943400011404,-72.04158029998058,41.642428423378256
453,19.249943400011404,-71.99991359998057,41.48161526285302
454,19.249943400011404,-71.95824689998057,41.572004755291644
455,19.249943400011404,-71.91658019998056,41.78947644744944
456,19.249943400011404,-71.87491349998055,41.91227959260422
457,19.249943400011404,-71.83324679998054,41.837869363129464
458,19.249943400011404,-71.79158009998054,41.837201400727096
459,19.249943400011404,-71.74991339998053,41.98138072718515
460,19.20827670001141,-72.79158089998072,45.718340997954286
461,19.20827670001141,-72.74991419998071,45.97500474673386
462,19.20827670001141,-72.7082474999807,46.076074389365324
463,19.20827670001141,-72.6665807999807,45.92658183992278
464,19.20827670001141,-72.62491409998069,45.614172104955436
465,19.20827670001141,-72.58324739998068,45.170905281971926
466,19.20827670001141,-72.54158069998067,45.40561133779594
467,19.20827670001141,-72.49991399998066,45.316818477545816
468,19.20827670001141,-72.45824729998066,44.99412271201647
469,19.20827670001141,-72.41658059998065,44.564860145355226
470,19.20827670001141,-72.37491389998064,44.08949774015283
471,19.20827670001141,-72.33324719998063,43.67367407326774
472,19.20827670001141,-72.29158049998063,43.32638244957077
473,19.20827670001141,-72.24991379998062,43.002575379765034
474,19.20827670001141,-72.20824709998061,42.77464446454104
475,19.20827670001141,-72.1665803999806,42.57712849892012
476,19.20827670001141,-72.1249136999806,42.30109994268171
477,19.20827670001141,-72.08324699998059,42.03342293003834
478,19.20827670001141,-72.04158029998058,41.818532015117576
479,19.20827670001141,-71.99991359998057,41.79044428512632
480,19.20827670001141,-71.95824689998057,41.82157956890244
481,19.20827670001141,-71.91658019998056,41.960345897779575
482,19.20827670001141,-71.87491349998055,42.250251275913485
483,19.20827670001141,-71.83324679998054,42.331677091933756
484,19.20827670001141,-71.79158009998054,42.472752715758475
485,19.20827670001141,-71.74991339998053,42.618416479590046
486,19.20827670001141,-71.70824669998052,42.74641890089262
487,19.20827670001141,-71.66657999998051,42.77564031732708
488,19.166610000011417,-72.74991419998071,46.20525512463558
489,19.166610000011417,-72.7082474999807,46.30810055556924
490,19.166610000011417,-72.6665807999807,46.32748730443377
491,19.166610000011417,-72.62491409998069,46.12140720922286
492,19.166610000011417,-72.58324739998068,45.81472960834142
493,19.166610000011417,-72.54158069998067,45.902366356414454
494,19.166610000011417,-72.49991399998066,45.72365598055518
495,19.166610000011417,-72.45824729998066,45.34218872825589
496,19.166610000011417,-72.41658059998065,44.87321855148294
497,19.166610000011417,-72.37491389998064,44.40643494758225
498,19.166610000011417,-72.33324719998063,43.98412515906076
499,19.166610000011417,-72.29158049998063,43.62223236811776
500,19.166610000011417,-72.24991379998062,43.30322051301035
501,19.166610000011417,-72.20824709998061,42.99921048494994
502,19.166610000011417,-72.1665803999806,42.70345057919987
503,19.166610000011417,-72.1249136999806,42.41548953965191
504,19.166610000011417,-72.08324699998059,42.17728813384875
505,19.166610000011417,-72.04158029998058,42.025653268784986
506,19.166610000011417,-71.99991359998057,42.03658772878177
507,19.166610000011417,-71.95824689998057,42.21143536728287
508,19.166610000011417,-71.91658019998056,42.42228895589718
509,19.166610000011417,-71.87491349998055,42.66931013258382
510,19.166610000011417,-71.83324679998054,42.884319301760996
511,19.166610000011417,-71.79158009998054,43.00668856002183
512,19.166610000011417,-71.74991339998053,43.026561599514075
513,19.166610000011417,-71.70824669998052,43.05243926062767
514,19.166610000011417,-71.66657999998051,43.14611417585163
515,19.124943300011424,-72.7082474999807,46.64174192743598
516,19.124943300011424,-72.6665807999807,46.7261296761908
517,19.124943300011424,-72.62491409998069,46.68142360521209
518,19.124943300011424,-72.58324739998068,46.41157051475973
519,19.124943300011424,-72.54158069998067,46.407800368490534
520,19.124943300011424,-72.49991399998066,46.06636422469096
521,19.124943300011424,-72.45824729998066,45.62794689379621
522,19.124943300011424,-72.41658059998065,45.18462186130634
523,19.124943300011424,-72.37491389998064,44.72179336434713
524,19.124943300011424,-72.33324719998063,44.24465650932201
525,19.124943300011424,-72.29158049998063,43.80806892840538
526,19.124943300011424,-72.24991379998062,43.443992196293216
527,19.124943300011424,-72.20824709998061,43.124789668675156
528,19.124943300011424,-72.1665803999806,42.82703983393556
529,19.124943300011424,-72.1249136999806,42.5384669881362
530,19.124943300011424,-72.08324699998059,42.28885291464443
531,19.124943300011424,-72.04158029998058,42.240408864488096
532,19.124943300011424,-71.99991359998057,42.275717024770714
533,19.124943300011424,-71.95824689998057,42.506493192680175
534,19.124943300011424,-71.91658019998056,42.734363957466336
535,19.124943300011424,-71.87491349998055,42.98578792994803
536,19.124943300011424,-71.83324679998054,43.18252117064999
537,19.124943300011424,-71.79158009998054,43.19666438774884
538,19.124943300011424,-71.74991339998053,42.969232233085286
539,19.124943300011424,-71.70824669998052,42.87753765945454
540,19.124943300011424,-71.66657999998051,42.992893086601846
541,19.08327660001143,-72.79158089998072,47.311441062901956
542,19.08327660001143,-72.74991419998071,47.372968895105366
543,19.08327660001143,-72.7082474999807,47.21341663291186
544,19.08327660001143,-72.6665807999807,47.108898065778476
545,19.08327660001143,-72.62491409998069,47.209769349014834
546,19.08327660001143,-72.58324739998068,46.99040723845005
547,19.08327660001143,-72.54158069998067,46.817816683001766
548,19.08327660001143,-72.49991399998066,46.464113034121695
549,19.08327660001143,-72.45824729998066,46.002831266312
550,19.08327660001143,-72.41658059998065,45.505349325475535
551,19.08327660001143,-72.37491389998064,44.99020746081551
552,19.08327660001143,-72.33324719998063,44.46192352884494
553,19.08327660001143,-72.29158049998063,44.03766865843971
554,19.08327660001143,-72.24991379998062,43.62368462899003
555,19.08327660001143,-72.20824709998061,43.26354652905583
556,19.08327660001143,-72.1665803999806,42.96576183047031
557,19.08327660001143,-72.1249136999806,42.689186943263046
558,19.08327660001143,-72.08324699998059,42.57138206261069
559,19.08327660001143,-72.04158029998058,42.57747713789991
560,19.08327660001143,-71.99991359998057,42.71178174650077
561,19.08327660001143,-71.95824689998057,42.87928069607337
562,19.08327660001143,-71.91658019998056,43.068662735925436
563,19.08327660001143,-71.87491349998055,43.26001538737669
564,19.08327660001143,-71.83324679998054,43.3321201339894
565,19.08327660001143,-71.79158009998054,43.28408812031444
566,19.08327660001143,-71.74991339998053,43.311178812677575
567,19.041609900011437,-72.79158089998072,47.50645820776912
568,19.041609900011437,-72.74991419998071,47.76342172134291
569,19.041609900011437,-72.7082474999807,47.704116854927406
570,19.041609900011437,-72.6665807999807,47.57265069126781
571,19.041609900011437,-72.62491409998069,47.659275580024065
572,19.041609900011437,-72.58324739998068,47.58007814358379
573,19.041609900011437,-72.54158069998067,47.252613309813334
574,19.041609900011437,-72.49991399998066,46.79492287363047
575,19.041609900011437,-72.45824729998066,46.30462735158046
576,19.041609900011437,-72.41658059998065,45.77546804478427
577,19.041609900011437,-72.37491389998064,45.261138076034264
578,19.041609900011437,-72.33324719998063,44.78524945807049
579,19.041609900011437,-72.29158049998063,44.31153796625931
580,19.041609900011437,-72.24991379998062,43.8805158457997
581,19.041609900011437,-72.20824709998061,43.58563197978679
582,19.041609900011437,-72.1665803999806,43.35470952974662
583,19.041609900011437,-72.1249136999806,43.15967146401568
584,19.041609900011437,-72.08324699998059,43.1089480572516
585,19.041609900011437,-72.04158029998058,43.18332656024963
586,19.041609900011437,-71.99991359998057,43.286231045350064
587,19.041609900011437,-71.95824689998057,43.41779316292896
588,19.041609900011437,-71.91658019998056,43.57620229676898
589,19.041609900011437,-71.87491349998055,43.75935074457842
590,19.041609900011437,-71.83324679998054,43.76844336352766
591,19.041609900011437,-71.79158009998054,43.81720755468232
592,19.041609900011437,-71.74991339998053,43.86917342566862
593,18.999943200011444,-72.74991419998071,48.68392425372389
594,18.999943200011444,-72.7082474999807,48.757832063714346
595,18.999943200011444,-72.6665807999807,48.720521335397486
596,18.999943200011444,-72.62491409998069,48.46483419391462
597,18.999943200011444,-72.58324739998068,48.1402036463657
598,18.999943200011444,-72.54158069998067,47.68528497008538
599,18.999943200011444,-72.49991399998066,47.176175853461864
600,18.999943200011444,-72.45824729998066,46.618820017517194
601,18.999943200011444,-72.41658059998065,46.11917837653275
602,18.999943200011444,-72.37491389998064,45.645589087284264
603,18.999943200011444,-72.33324719998063,45.15489590883051
604,18.999943200011444,-72.29158049998063,44.723531982890165
605,18.999943200011444,-72.24991379998062,44.37789959491173
606,18.999943200011444,-72.20824709998061,44.07862967978357
607,18.999943200011444,-72.1665803999806,43.87074114595953
608,18.999943200011444,-72.1249136999806,43.796937580907255
609,18.999943200011444,-72.08324699998059,43.85159562602928
610,18.999943200011444,-72.04158029998058,43.90962888215819
611,18.999943200011444,-71.99991359998057,43.97852921507382
612,18.999943200011444,-71.95824689998057,44.033467667679325
613,18.999943200011444,-71.91658019998056,44.17277846848342
614,18.999943200011444,-71.87491349998055,44.310652177226
615,18.999943200011444,-71.83324679998054,44.33502011340287
616,18.999943200011444,-71.79158009998054,44.43884735340204
617,18.95827650001145,-73.2499145999808,48.648982290878145
618,18.95827650001145,-73.20824789998079,48.723792632170024
619,18.95827650001145,-72.7082474999807,49.6173258686443
620,18.95827650001145,-72.6665807999807,49.49971407883783
621,18.95827650001145,-72.62491409998069,49.02428284586905
622,18.95827650001145,-72.58324739998068,48.84507137773123
623,18.95827650001145,-72.54158069998067,48.32443903379848
624,18.95827650001145,-72.49991399998066,47.74544279995839
625,18.95827650001145,-72.45824729998066,47.13191805170992
626,18.95827650001145,-72.41658059998065,46.605606154331575
627,18.95827650001145,-72.37491389998064,46.10979149416822
628,18.95827650001145,-72.33324719998063,45.69173516022867
629,18.95827650001145,-72.29158049998063,45.31534366994539
630,18.95827650001145,-72.24991379998062,44.96492069737604
631,18.95827650001145,-72.20824709998061,44.675280868455175
632,18.95827650001145,-72.1665803999806,44.571132268666254
633,18.95827650001145,-72.1249136999806,44.56033577311223
634,18.95827650001145,-72.08324699998059,44.596134195114786
635,18.95827650001145,-72.04158029998058,44.63378704458405
636,18.95827650001145,-71.99991359998057,44.63595828429277
637,18.95827650001145,-71.95824689998057,44.697581489221186
638,18.95827650001145,-71.91658019998056,44.8418194668724
639,18.95827650001145,-71.87491349998055,44.92519084511287
640,18.916609800011457,-73.2915812999808,49.53250063915368
641,18.916609800011457,-73.2499145999808,49.42627633475716
642,18.916609800011457,-73.20824789998079,49.40406353429633
643,18.916609800011457,-73.16658119998078,49.442806791772526
644,18.916609800011457,-73.12491449998078,49.520174598663324
645,18.916609800011457,-73.08324779998077,49.52069975202298
646,18.916609800011457,-72.62491409998069,49.794654766841624
647,18.916609800011457,-72.58324739998068,49.47940799357286
648,18.916609800011457,-72.54158069998067,48.92386374263951
649,18.916609800011457,-72.49991399998066,48.31314083679422
650,18.916609800011457,-72.45824729998066,47.824482009646566
651,18.916609800011457,-72.41658059998065,47.248353895930414
652,18.916609800011457,-72.37491389998064,46.78715854362265
653,18.916609800011457,-72.33324719998063,46.40836144621527
654,18.916609800011457,-72.29158049998063,46.00973339743833
655,18.916609800011457,-72.24991379998062,45.67650830981389
656,18.916609800011457,-72.20824709998061,45.39662451942477
657,18.916609800011457,-72.1665803999806,45.307507005462256
658,18.916609800011457,-72.1249136999806,45.33056518239368
659,18.916609800011457,-72.08324699998059,45.33659608260078
660,18.916609800011457,-72.04158029998058,45.338583320317134
661,18.916609800011457,-71.99991359998057,45.327070167589255
662,18.916609800011457,-71.95824689998057,45.399248000692204
663,18.916609800011457,-71.91658019998056,45.50776768913585
664,18.916609800011457,-71.87491349998055,45.550400327126276
665,18.916609800011457,-71.83324679998054,45.58253964455151
666,18.916609800011457,-71.79158009998054,45.736467156127375
667,18.874943100011464,-73.2499145999808,50.35198499936868
668,18.874943100011464,-73.20824789998079,50.377251368367126
669,18.874943100011464,-73.16658119998078,50.442743258020016
670,18.874943100011464,-73.12491449998078,50.48814017914263
671,18.874943100011464,-73.08324779998077,50.49218190423382
672,18.874943100011464,-73.04158109998076,50.361231256244835
673,18.874943100011464,-72.99991439998075,50.171545184743465
674,18.874943100011464,-72.95824769998075,50.21230866677258
675,18.874943100011464,-72.58324739998068,49.93911014485457
676,18.874943100011464,-72.54158069998067,49.41733199461661
677,18.874943100011464,-72.49991399998066,48.98238567451584
678,18.874943100011464,-72.45824729998066,48.46853334907875
679,18.874943100011464,-72.41658059998065,47.986223311537046
680,18.874943100011464,-72.37491389998064,47.52460595877536
681,18.874943100011464,-72.33324719998063,47.09733247202393
682,18.874943100011464,-72.29158049998063,46.71290380414807
683,18.874943100011464,-72.24991379998062,46.34660866470218
684,18.874943100011464,-72.20824709998061,46.147519437409066
685,18.874943100011464,-72.1665803999806,46.064357096013936
686,18.874943100011464,-72.1249136999806,46.07877603560977
687,18.874943100011464,-72.08324699998059,46.05201579781541
688,18.874943100011464,-72.04158029998058,45.980104642337245
689,18.874943100011464,-71.99991359998057,45.893309020108944
690,18.874943100011464,-71.95824689998057,46.00757081394106
691,18.874943100011464,-71.91658019998056,46.16583411002479
692,18.874943100011464,-71.87491349998055,46.28874595600152
693,18.874943100011464,-71.83324679998054,46.37651730679201
694,18.874943100011464,-71.79158009998054,46.54241027154675
695,18.874943100011464,-71.74991339998053,46.77882915980894
696,18.83327640001147,-73.16658119998078,51.389125276074004
697,18.83327640001147,-73.12491449998078,51.343318571744014
698,18.83327640001147,-73.08324779998077,51.21971621763407
699,18.83327640001147,-73.04158109998076,51.00780463258981
700,18.83327640001147,-72.99991439998075,50.9209492849049
701,18.83327640001147,-72.95824769998075,50.95454569013623
702,18.83327640001147,-72.91658099998074,50.99146933653387
703,18.83327640001147,-72.87491429998073,51.159131628630945
704,18.83327640001147,-72.54158069998067,49.971420704465004
705,18.83327640001147,-72.49991399998066,49.450104850101546
706,18.83327640001147,-72.45824729998066,48.97378977582274
707,18.83327640001147,-72.41658059998065,48.510050647106645
708,18.83327640001147,-72.37491389998064,48.08137387627533
709,18.83327640001147,-72.33324719998063,47.754022960382635
710,18.83327640001147,-72.29158049998063,47.37673715628626
711,18.83327640001147,-72.24991379998062,47.00428267926069
712,18.83327640001147,-72.20824709998061,46.823702952524606
713,18.83327640001147,-72.1665803999806,46.83319996704645
714,18.83327640001147,-72.1249136999806,46.825036586412665
715,18.83327640001147,-72.08324699998059,46.728525025708144
716,18.83327640001147,-72.04158029998058,46.629179367224005
717,18.83327640001147,-71.99991359998057,46.63347517893973
718,18.83327640001147,-71.95824689998057,46.764184753614195
719,18.83327640001147,-71.91658019998056,46.93529709561829
720,18.83327640001147,-71.87491349998055,47.07262373365818
721,18.83327640001147,-71.83324679998054,47.1881602801328
722,18.83327640001147,-71.79158009998054,47.328108929827025
723,18.83327640001147,-71.74991339998053,47.57236562506869
724,18.791609700011477,-73.08324779998077,51.93724439283415
725,18.791609700011477,-73.04158109998076,51.8290232657789
726,18.791609700011477,-72.99991439998075,51.716098518252714
727,18.791609700011477,-72.95824769998075,51.80038847737715
728,18.791609700011477,-72.91658099998074,51.94140209045039
729,18.791609700011477,-72.87491429998073,51.982746745022524
730,18.791609700011477,-72.83324759998072,51.947506732225825
731,18.791609700011477,-72.54158069998067,50.37766487709319
732,18.791609700011477,-72.49991399998066,49.87558297502295
733,18.791609700011477,-72.45824729998066,49.39382020674971
734,18.791609700011477,-72.41658059998065,48.97070925037216
735,18.791609700011477,-72.37491389998064,48.534120668607635
736,18.791609700011477,-72.33324719998063,48.277014504660094
737,18.791609700011477,-72.29158049998063,48.03319386319022
738,18.791609700011477,-72.24991379998062,47.75651125989465
739,18.791609700011477,-72.20824709998061,47.52959253047736
740,18.791609700011477,-72.1665803999806,47.51300691516647
741,18.791609700011477,-72.1249136999806,47.57353982150827
742,18.791609700011477,-72.08324699998059,47.60103849598728
743,18.791609700011477,-72.04158029998058,47.53496895687068
744,18.791609700011477,-71.99991359998057,47.66200579872193
745,18.791609700011477,-71.95824689998057,47.84033444317794
746,18.791609700011477,-71.91658019998056,47.99329548759265
747,18.791609700011477,-71.87491349998055,48.138828909515766
748,18.791609700011477,-71.83324679998054,48.197396917827405
749,18.791609700011477,-71.79158009998054,48.242692974589225
750,18.791609700011477,-71.74991339998053,48.4130217023211
751,18.749943000011484,-72.95824769998075,52.7707202094473
752,18.749943000011484,-72.91658099998074,52.69863993559341
753,18.749943000011484,-72.87491429998073,52.725955818040646
754,18.749943000011484,-72.83324759998072,52.72522127721196
755,18.749943000011484,-72.45824729998066,49.81298317821383
756,18.749943000011484,-72.41658059998065,49.52760269027298
757,18.749943000011484,-72.37491389998064,49.25014108714755
758,18.749943000011484,-72.33324719998063,49.03376867807454
759,18.749943000011484,-72.29158049998063,48.73081629205582
760,18.749943000011484,-72.24991379998062,48.42025739051896
761,18.749943000011484,-72.20824709998061,48.161960608181694
762,18.749943000011484,-72.1665803999806,48.16724171867997
763,18.749943000011484,-72.1249136999806,48.161016071569314
764,18.749943000011484,-72.08324699998059,48.21700000727041
765,18.749943000011484,-72.04158029998058,48.39537051541016
766,18.749943000011484,-71.99991359998057,48.46377853453162
767,18.749943000011484,-71.95824689998057,48.62273205318806
768,18.749943000011484,-71.91658019998056,48.832274952829096
769,18.749943000011484,-71.87491349998055,48.973652395627475
770,18.749943000011484,-71.83324679998054,48.98721042053504
771,18.749943000011484,-71.79158009998054,49.02496766274576
772,18.749943000011484,-71.74991339998053,49.19295968285775
773,18.70827630001149,-72.83324759998072,53.32564236647272
774,18.70827630001149,-72.37491389998064,49.7731693480074
775,18.70827630001149,-72.33324719998063,49.494515055790124
776,18.70827630001149,-72.29158049998063,49.13416535520515
777,18.70827630001149,-72.24991379998062,48.71231599670473
778,18.70827630001149,-72.20824709998061,48.52583109534032
779,18.70827630001149,-72.1665803999806,48.63754265348963
780,18.70827630001149,-72.1249136999806,48.81769103657553
781,18.70827630001149,-72.08324699998059,49.029090926400045
782,18.70827630001149,-72.04158029998058,49.09744283582724
783,18.70827630001149,-71.99991359998057,49.14621519744286
784,18.70827630001149,-71.95824689998057,49.127014612640856
785,18.70827630001149,-71.91658019998056,49.254903404864656
786,18.70827630001149,-71.87491349998055,49.37684170135488
787,18.70827630001149,-71.83324679998054,49.42214052276553
788,18.70827630001149,-71.79158009998054,49.59727910621476
789,18.70827630001149,-71.74991339998053,49.66527814289464
790,18.666609600011498,-74.24991539998098,55.51362131167699
791,18.666609600011498,-74.20824869998097,55.50740637424669
792,18.666609600011498,-72.29158049998063,49.30770404757079
793,18.666609600011498,-72.24991379998062,49.12259513168301
794,18.666609600011498,-72.20824709998061,49.23483920408728
795,18.666609600011498,-72.1665803999806,49.428892633867804
796,18.666609600011498,-72.1249136999806,49.590517023184454
797,18.666609600011498,-72.08324699998059,49.670404742319114
798,18.666609600011498,-72.04158029998058,49.49876998926791
799,18.666609600011498,-71.99991359998057,49.173074110291246
800,18.666609600011498,-71.95824689998057,49.15909937572144
801,18.666609600011498,-71.91658019998056,49.17047999683052
802,18.666609600011498,-71.87491349998055,49.31347264680474
803,18.666609600011498,-71.83324679998054,49.552448002162116
804,18.624942900011504,-74.374915499981,55.43029941495474
805,18.624942900011504,-74.33324879998099,55.90205204571267
806,18.624942900011504,-74.29158209998099,56.0840508762155
807,18.624942900011504,-74.24991539998098,56.167420364211594
808,18.624942900011504,-74.20824869998097,56.20984131492323
809,18.624942900011504,-74.16658199998096,56.09008838115674
810,18.624942900011504,-74.12491529998096,55.91553821879359
811,18.624942900011504,-74.08324859998095,55.75860852347785
812,18.624942900011504,-73.7915816999809,54.39986247492167
813,18.624942900011504,-73.74991499998089,54.01344010622886
814,18.624942900011504,-72.33324719998063,50.11771157213054
815,18.624942900011504,-72.29158049998063,49.99167379047016
816,18.624942900011504,-72.24991379998062,49.99665116550916
817,18.624942900011504,-72.20824709998061,50.155132713080725
818,18.624942900011504,-72.1665803999806,50.21291922557972
819,18.624942900011504,-72.1249136999806,50.16881641151247
820,18.624942900011504,-72.08324699998059,49.9707676186857
821,18.624942900011504,-72.04158029998058,49.789680350112576
822,18.624942900011504,-71.99991359998057,49.29553723870677
823,18.624942900011504,-71.95824689998057,49.153637254703526
824,18.624942900011504,-71.91658019998056,49.23489706659646
825,18.624942900011504,-71.87491349998055,49.31389309761444
826,18.58327620001151,-74.41658219998101,55.57073242958131
827,18.58327620001151,-74.374915499981,55.915224480425515
828,18.58327620001151,-74.33324879998099,56.34883321086454
829,18.58327620001151,-74.29158209998099,56.60228529473279
830,18.58327620001151,-74.24991539998098,56.643220131201176
831,18.58327620001151,-74.20824869998097,56.50702879828264
832,18.58327620001151,-74.16658199998096,56.20815443007271
833,18.58327620001151,-74.12491529998096,56.060279491197555
834,18.58327620001151,-74.08324859998095,56.007496034835384
835,18.58327620001151,-74.04158189998094,56.19617358610014
836,18.58327620001151,-73.99991519998093,56.1953849048592
837,18.58327620001151,-73.62491489998087,54.67395737011117
838,18.58327620001151,-72.33324719998063,51.08434239549814
839,18.58327620001151,-72.29158049998063,50.915469262556506
840,18.58327620001151,-72.24991379998062,50.894885608747174
841,18.58327620001151,-72.20824709998061,50.9620085856356
842,18.58327620001151,-72.1665803999806,50.88637437315951
843,18.58327620001151,-72.1249136999806,50.6324451490303
844,18.58327620001151,-72.08324699998059,50.37408227589945
845,18.58327620001151,-72.04158029998058,49.887708563210055
846,18.541609500011518,-74.41658219998101,55.91052389276881
847,18.541609500011518,-74.374915499981,56.382937485041694
848,18.541609500011518,-74.33324879998099,56.46818377471361
849,18.541609500011518,-74.29158209998099,56.60096426464795
850,18.541609500011518,-74.24991539998098,56.57441741469035
851,18.541609500011518,-74.20824869998097,56.484310033348024
852,18.541609500011518,-74.16658199998096,56.346579721000985
853,18.541609500011518,-74.12491529998096,56.02409235280816
854,18.541609500011518,-74.08324859998095,56.046716446163884
855,18.541609500011518,-74.04158189998094,56.2182144528335
856,18.541609500011518,-73.99991519998093,56.30500010575652
857,18.541609500011518,-73.95824849998093,56.43213673935435
858,18.541609500011518,-73.91658179998092,56.438654694035115
859,18.541609500011518,-73.87491509998091,56.20933194437912
860,18.541609500011518,-73.8332483999809,55.99568191651245
861,18.541609500011518,-73.70824829998088,55.824115002476184
862,18.541609500011518,-72.62491409998069,55.09172318721193
863,18.541609500011518,-72.58324739998068,54.67544722391198
864,18.541609500011518,-72.54158069998067,54.107914706062125
865,18.541609500011518,-72.49991399998066,53.603831187045564
866,18.541609500011518,-72.45824729998066,53.14179613774415
867,18.541609500011518,-72.41658059998065,52.6183929799148
868,18.541609500011518,-72.33324719998063,51.878788592994994
869,18.541609500011518,-72.29158049998063,51.73988040707746
870,18.541609500011518,-72.24991379998062,51.74192644389555
871,18.541609500011518,-72.20824709998061,51.699129672107574
872,18.541609500011518,-72.1665803999806,51.58963308475194
873,18.541609500011518,-72.1249136999806,51.355972338018425
874,18.541609500011518,-72.08324699998059,50.912678478994586
875,18.541609500011518,-72.04158029998058,50.2357847149984
876,18.541609500011518,-71.99991359998057,50.05788620167458
877,18.499942800011524,-74.41658219998101,56.35304211074786
878,18.499942800011524,-74.374915499981,56.55815585470317
879,18.499942800011524,-74.33324879998099,56.50527829723288
880,18.499942800011524,-74.29158209998099,56.34899203511924
881,18.499942800011524,-74.24991539998098,56.26127777149803
882,18.499942800011524,-74.20824869998097,56.33966929775592
883,18.499942800011524,-74.16658199998096,56.330035840105666
884,18.499942800011524,-74.12491529998096,56.296140901364
885,18.499942800011524,-74.08324859998095,56.392539337942544
886,18.499942800011524,-74.04158189998094,56.51115197285859
887,18.499942800011524,-73.99991519998093,56.41689047658367
888,18.499942800011524,-73.95824849998093,56.32933154324289
889,18.499942800011524,-73.91658179998092,56.245254446677635
890,18.499942800011524,-73.87491509998091,56.20841642273683
891,18.499942800011524,-73.8332483999809,56.23457517552649
892,18.499942800011524,-73.7915816999809,56.31608578835089
893,18.499942800011524,-73.74991499998089,56.36089678753085
894,18.499942800011524,-73.70824829998088,56.276995023204094
895,18.499942800011524,-73.66658159998087,56.07616649848232
896,18.499942800011524,-73.62491489998087,55.88108089250757
897,18.499942800011524,-73.58324819998086,56.018168488443294
898,18.499942800011524,-73.54158149998085,56.265116732274166
899,18.499942800011524,-73.49991479998084,56.29797860490516
900,18.499942800011524,-73.45824809998084,56.093790382901574
901,18.499942800011524,-73.41658139998083,55.58945733565281
902,18.499942800011524,-73.37491469998082,55.22799591740572
903,18.499942800011524,-73.33324799998081,55.57935395148989
904,18.499942800011524,-72.62491409998069,55.97638234376559
905,18.499942800011524,-72.58324739998068,55.43413463285969
906,18.499942800011524,-72.54158069998067,54.81292937680708
907,18.499942800011524,-72.49991399998066,54.26852035647411
908,18.499942800011524,-72.45824729998066,53.81623540574781
909,18.499942800011524,-72.41658059998065,53.34961607847845
910,18.499942800011524,-72.37491389998064,52.89485392051268
911,18.499942800011524,-72.33324719998063,52.707603709789254
912,18.499942800011524,-72.29158049998063,52.50437307853463
913,18.499942800011524,-72.24991379998062,52.47282974831975
914,18.499942800011524,-72.20824709998061,52.417434766736044
915,18.499942800011524,-72.1665803999806,52.414015159829624
916,18.499942800011524,-72.1249136999806,52.11655823506582
917,18.499942800011524,-72.08324699998059,51.534933147872955
918,18.499942800011524,-72.04158029998058,50.95129938356863
919,18.499942800011524,-71.99991359998057,50.890319776838474
920,18.499942800011524,-71.95824689998057,50.76549574322799
921,18.499942800011524,-71.91658019998056,50.764256107026796
922,18.45827610001153,-74.45824889998102,56.48872704247118
923,18.45827610001153,-74.41658219998101,56.74873440544522
924,18.45827610001153,-74.374915499981,56.86104900020136
925,18.45827610001153,-74.33324879998099,56.87893899666279
926,18.45827610001153,-74.29158209998099,56.76931943792661
927,18.45827610001153,-74.24991539998098,56.56429469918191
928,18.45827610001153,-74.20824869998097,56.41225795153349
929,18.45827610001153,-74.16658199998096,56.52546310495427
930,18.45827610001153,-74.12491529998096,56.761186285361006
931,18.45827610001153,-74.08324859998095,56.999950344413094
932,18.45827610001153,-74.04158189998094,57.101201340746755
933,18.45827610001153,-73.99991519998093,57.03432531001979
934,18.45827610001153,-73.95824849998093,56.85386814735438
935,18.45827610001153,-73.91658179998092,56.57643758956883
936,18.45827610001153,-73.87491509998091,56.364454469510235
937,18.45827610001153,-73.8332483999809,56.51425817162338
938,18.45827610001153,-73.7915816999809,56.48639654075715
939,18.45827610001153,-73.74991499998089,56.455528422462166
940,18.45827610001153,-73.70824829998088,56.333032122696984
941,18.45827610001153,-73.66658159998087,56.13924176887552
942,18.45827610001153,-73.62491489998087,56.22695400211409
943,18.45827610001153,-73.58324819998086,56.53142229768552
944,18.45827610001153,-73.54158149998085,56.79289322726706
945,18.45827610001153,-73.49991479998084,56.80510818414796
946,18.45827610001153,-73.45824809998084,56.43475017568179
947,18.45827610001153,-73.41658139998083,55.808977606589
948,18.45827610001153,-73.37491469998082,56.04744590500175
949,18.45827610001153,-73.33324799998081,56.401639849316844
950,18.45827610001153,-73.2915812999808,56.699278125626314
951,18.45827610001153,-73.2499145999808,56.87765268789248
952,18.45827610001153,-73.20824789998079,57.02840551006082
953,18.45827610001153,-73.16658119998078,57.01876450953173
954,18.45827610001153,-73.12491449998078,57.25030316534654
955,18.45827610001153,-73.04158109998076,57.73962343615588
956,18.45827610001153,-72.99991439998075,57.82884625952458
957,18.45827610001153,-72.95824769998075,57.98009789522504
958,18.45827610001153,-72.6665807999807,57.185891221417705
959,18.45827610001153,-72.62491409998069,56.72620708851655
960,18.45827610001153,-72.58324739998068,56.148988234051735
961,18.45827610001153,-72.54158069998067,55.59132157235153
962,18.45827610001153,-72.49991399998066,55.24130406431854
963,18.45827610001153,-72.45824729998066,54.75610558979615
964,18.45827610001153,-72.41658059998065,54.255096980663545
965,18.45827610001153,-72.37491389998064,53.79160228251051
966,18.45827610001153,-72.33324719998063,53.641066567698424
967,18.45827610001153,-72.29158049998063,53.42684339062847
968,18.45827610001153,-72.24991379998062,53.271590578417744
969,18.45827610001153,-72.20824709998061,53.35485675784466
970,18.45827610001153,-72.1665803999806,53.21806238091149
971,18.45827610001153,-72.1249136999806,52.89083863413472
972,18.45827610001153,-72.08324699998059,52.33521461052707
973,18.45827610001153,-72.04158029998058,51.739334712068995
974,18.45827610001153,-71.99991359998057,51.66803096116109
975,18.45827610001153,-71.95824689998057,51.58148508207571
976,18.45827610001153,-71.91658019998056,51.38520574116585
977,18.416609400011538,-74.45824889998102,57.130174581613446
978,18.416609400011538,-74.41658219998101,57.238071594925536
979,18.416609400011538,-74.374915499981,57.336237947905786
980,18.416609400011538,-74.33324879998099,57.32456659566201
981,18.416609400011538,-74.29158209998099,57.191080111364954
982,18.416609400011538,-74.24991539998098,57.01342326455896
983,18.416609400011538,-74.20824869998097,57.00124618225045
984,18.416609400011538,-74.16658199998096,56.96038669771376
985,18.416609400011538,-74.12491529998096,56.93605345372243
986,18.416609400011538,-74.08324859998095,57.24749956561054
987,18.416609400011538,-74.04158189998094,57.413244895281935
988,18.416609400011538,-73.99991519998093,57.52535070938576
989,18.416609400011538,-73.95824849998093,57.683442551630975
990,18.416609400011538,-73.91658179998092,57.609682037091304
991,18.416609400011538,-73.87491509998091,57.30504285308013
992,18.416609400011538,-73.8332483999809,57.09464578677421
993,18.416609400011538,-73.7915816999809,57.16350083001241
994,18.416609400011538,-73.74991499998089,57.050375904574096
995,18.416609400011538,-73.70824829998088,56.96279388187796
996,18.416609400011538,-73.66658159998087,56.66285576055959
997,18.416609400011538,-73.62491489998087,56.647718479655396
998,18.416609400011538,-73.58324819998086,57.00283667919347
999,18.416609400011538,-73.54158149998085,57.16765865799678
1000,18.416609400011538,-73.49991479998084,57.133598730329176
1001,18.416609400011538,-73.45824809998084,56.72220905509551
1002,18.416609400011538,-73.41658139998083,56.391384677901556
1003,18.416609400011538,-73.37491469998082,56.5904948942743
1004,18.416609400011538,-73.33324799998081,56.80143549516983
1005,18.416609400011538,-73.2915812999808,57.094611260355826
1006,18.416609400011538,-73.2499145999808,57.216139189178044
1007,18.416609400011538,-73.20824789998079,57.305924486224384
1008,18.416609400011538,-73.16658119998078,57.62959522555947
1009,18.416609400011538,-73.12491449998078,57.92433624554802
1010,18.416609400011538,-73.08324779998077,58.10236283621089
1011,18.416609400011538,-73.04158109998076,58.09849856612836
1012,18.416609400011538,-72.99991439998075,57.81488972600599
1013,18.416609400011538,-72.95824769998075,57.72526715271205
1014,18.416609400011538,-72.91658099998074,58.12389839061956
1015,18.416609400011538,-72.87491429998073,58.28392567831818
1016,18.416609400011538,-72.83324759998072,58.31454784608808
1017,18.416609400011538,-72.79158089998072,58.616740453643615
1018,18.416609400011538,-72.74991419998071,58.791575015284955
1019,18.416609400011538,-72.7082474999807,58.378068333464086
1020,18.416609400011538,-72.6665807999807,57.85420688225267
1021,18.416609400011538,-72.62491409998069,57.25437382215847
1022,18.416609400011538,-72.58324739998068,56.67570644649935
1023,18.416609400011538,-72.54158069998067,56.2776695688675
1024,18.416609400011538,-72.49991399998066,55.993903053699626
1025,18.416609400011538,-72.45824729998066,55.61005110286292
1026,18.416609400011538,-72.41658059998065,55.001972886683866
1027,18.416609400011538,-72.37491389998064,54.56370486857369
1028,18.416609400011538,-72.33324719998063,54.31666365930976
1029,18.416609400011538,-72.29158049998063,54.07657496397629
1030,18.416609400011538,-72.24991379998062,54.09270691003608
1031,18.416609400011538,-72.20824709998061,54.13151277110375
1032,18.416609400011538,-72.1665803999806,53.95094252963526
1033,18.416609400011538,-72.1249136999806,53.647587750777944
1034,18.416609400011538,-72.08324699998059,53.15673532083789
1035,18.416609400011538,-72.04158029998058,52.4546420370674
1036,18.416609400011538,-71.99991359998057,52.46368587563282
1037,18.416609400011538,-71.95824689998057,52.28458243561428
1038,18.416609400011538,-71.91658019998056,52.16694462896521
1039,18.416609400011538,-71.87491349998055,52.13003481360097
1040,18.374942700011545,-74.41658219998101,57.66380019961049
1041,18.374942700011545,-74.374915499981,57.6883833618923
1042,18.374942700011545,-74.33324879998099,57.59755474057175
1043,18.374942700011545,-74.29158209998099,57.33425862134127
1044,18.374942700011545,-74.24991539998098,57.305782286895145
1045,18.374942700011545,-74.20824869998097,57.192458709499135
1046,18.374942700011545,-74.16658199998096,57.35563938074636
1047,18.374942700011545,-74.12491529998096,57.31562388449923
1048,18.374942700011545,-74.08324859998095,57.14121698496991
1049,18.374942700011545,-74.04158189998094,57.5396372869456
1050,18.374942700011545,-73.99991519998093,57.95085684972061
1051,18.374942700011545,-73.95824849998093,58.184797788428185
1052,18.374942700011545,-73.91658179998092,58.25469033709504
1053,18.374942700011545,-73.87491509998091,57.97374685764629
1054,18.374942700011545,-73.8332483999809,57.602112643526446
1055,18.374942700011545,-73.7915816999809,57.60990626170354
1056,18.374942700011545,-73.74991499998089,57.677723071453904
1057,18.374942700011545,-73.70824829998088,57.51092515811634
1058,18.374942700011545,-73.66658159998087,57.33106245179923
1059,18.374942700011545,-73.62491489998087,57.3280763084876
1060,18.374942700011545,-73.58324819998086,57.70892134217195
1061,18.374942700011545,-73.54158149998085,57.83806984492687
1062,18.374942700011545,-73.49991479998084,57.60196610051189
1063,18.374942700011545,-73.45824809998084,56.999533112968116
1064,18.374942700011545,-73.41658139998083,56.783178516962714
1065,18.374942700011545,-73.37491469998082,56.81136343711176
1066,18.374942700011545,-73.33324799998081,57.03084725749296
1067,18.374942700011545,-73.2915812999808,57.23988266210949
1068,18.374942700011545,-73.2499145999808,57.40735084099332
1069,18.374942700011545,-73.20824789998079,57.57769344785496
1070,18.374942700011545,-73.16658119998078,57.88830252068607
1071,18.374942700011545,-73.12491449998078,58.27473323880216
1072,18.374942700011545,-73.08324779998077,58.30185622719606
1073,18.374942700011545,-73.04158109998076,57.93205234925077
1074,18.374942700011545,-72.99991439998075,57.76744600038853
1075,18.374942700011545,-72.95824769998075,57.8908369374808
1076,18.374942700011545,-72.91658099998074,57.91464255592043
1077,18.374942700011545,-72.87491429998073,58.42647295389529
1078,18.374942700011545,-72.83324759998072,58.652686190040725
1079,18.374942700011545,-72.79158089998072,58.92637837790579
1080,18.374942700011545,-72.74991419998071,58.949874591044264
1081,18.374942700011545,-72.7082474999807,58.38395753580427
1082,18.374942700011545,-72.6665807999807,57.83293915445912
1083,18.374942700011545,-72.62491409998069,57.321511177973214
1084,18.374942700011545,-72.58324739998068,56.59222098403957
1085,18.374942700011545,-72.54158069998067,56.357964870261846
1086,18.374942700011545,-72.49991399998066,56.15940475214756
1087,18.374942700011545,-72.45824729998066,55.96455712472479
1088,18.374942700011545,-72.41658059998065,55.57560753734781
1089,18.374942700011545,-72.37491389998064,55.206639367342376
1090,18.374942700011545,-72.33324719998063,54.839232263426496
1091,18.374942700011545,-72.29158049998063,54.590551136548825
1092,18.374942700011545,-72.24991379998062,54.67689004628172
1093,18.374942700011545,-72.20824709998061,54.66027329378289
1094,18.374942700011545,-72.1665803999806,54.59036322994017
1095,18.374942700011545,-72.1249136999806,54.26101033551029
1096,18.374942700011545,-72.08324699998059,53.84213450251496
1097,18.374942700011545,-72.04158029998058,53.27028449350256
1098,18.374942700011545,-71.99991359998057,53.09975327013539
1099,18.374942700011545,-71.95824689998057,52.977437908658615
1100,18.374942700011545,-71.91658019998056,52.95196834920798
1101,18.374942700011545,-71.87491349998055,52.950593378571334
1102,18.374942700011545,-71.83324679998054,53.01161745579406
1103,18.33327600001155,-74.41658219998101,57.633723232113965
1104,18.33327600001155,-74.374915499981,57.84936799042541
1105,18.33327600001155,-74.33324879998099,57.79824125896432
1106,18.33327600001155,-74.29158209998099,57.58338748307699
1107,18.33327600001155,-74.24991539998098,57.31880205809346
1108,18.33327600001155,-74.20824869998097,57.38136134102241
1109,18.33327600001155,-74.16658199998096,57.52680802785376
1110,18.33327600001155,-74.12491529998096,57.711429252499904
1111,18.33327600001155,-74.08324859998095,57.74358313756725
1112,18.33327600001155,-74.04158189998094,58.07656902326546
1113,18.33327600001155,-73.99991519998093,58.406664219602156
1114,18.33327600001155,-73.95824849998093,58.48856589675587
1115,18.33327600001155,-73.91658179998092,58.41764872585579
1116,18.33327600001155,-73.87491509998091,58.23165268659997
1117,18.33327600001155,-73.8332483999809,57.92622819190339
1118,18.33327600001155,-73.7915816999809,57.95907549555803
1119,18.33327600001155,-73.74991499998089,57.93649076045618
1120,18.33327600001155,-73.70824829998088,57.76950800025584
1121,18.33327600001155,-73.66658159998087,57.63699207174039
1122,18.33327600001155,-73.62491489998087,57.66718706955081
1123,18.33327600001155,-73.58324819998086,58.04896407700462
1124,18.33327600001155,-73.54158149998085,58.14233425533169
1125,18.33327600001155,-73.49991479998084,57.91449308520919
1126,18.33327600001155,-73.45824809998084,57.29072755643395
1127,18.33327600001155,-73.41658139998083,57.34918188343323
1128,18.33327600001155,-73.37491469998082,57.43316112912207
1129,18.33327600001155,-73.33324799998081,57.54067845956884
1130,18.33327600001155,-73.2915812999808,57.53790214478393
1131,18.33327600001155,-73.2499145999808,57.673943233949025
1132,18.33327600001155,-73.20824789998079,57.9380095909029
1133,18.33327600001155,-73.16658119998078,58.233831661181966
1134,18.33327600001155,-73.12491449998078,58.30955489537622
1135,18.33327600001155,-73.08324779998077,58.05579261414623
1136,18.33327600001155,-73.04158109998076,57.61588593487494
1137,18.33327600001155,-72.99991439998075,57.684747625679975
1138,18.33327600001155,-72.95824769998075,57.92839502777289
1139,18.33327600001155,-72.91658099998074,58.27801992380953
1140,18.33327600001155,-72.87491429998073,58.80671155748696
1141,18.33327600001155,-72.83324759998072,59.090920134728506
1142,18.33327600001155,-72.79158089998072,59.15781445525028
1143,18.33327600001155,-72.74991419998071,58.97548494585918
1144,18.33327600001155,-72.7082474999807,58.03733063898897
1145,18.33327600001155,-72.6665807999807,57.68920024108969
1146,18.33327600001155,-72.62491409998069,57.586299760491265
1147,18.33327600001155,-72.58324739998068,57.00644093665487
1148,18.33327600001155,-72.54158069998067,56.86792240098771
1149,18.33327600001155,-72.49991399998066,56.64475892341717
1150,18.33327600001155,-72.45824729998066,56.32476481850818
1151,18.33327600001155,-72.41658059998065,55.90966188896658
1152,18.33327600001155,-72.37491389998064,55.50336038994537
1153,18.33327600001155,-72.33324719998063,55.27460578213915
1154,18.33327600001155,-72.29158049998063,55.20802832758769
1155,18.33327600001155,-72.24991379998062,55.19693451463162
1156,18.33327600001155,-72.20824709998061,55.1546827714546
1157,18.33327600001155,-72.1665803999806,55.14501290917672
1158,18.33327600001155,-72.1249136999806,54.86206629855966
1159,18.33327600001155,-72.08324699998059,54.337019737670616
1160,18.33327600001155,-72.04158029998058,54.02699689280082
1161,18.33327600001155,-71.99991359998057,53.75024766824512
1162,18.33327600001155,-71.95824689998057,53.728198151121674
1163,18.33327600001155,-71.91658019998056,53.666343471251906
1164,18.33327600001155,-71.87491349998055,53.658765746362775
1165,18.33327600001155,-71.83324679998054,53.818962244140636
1166,18.33327600001155,-71.79158009998054,53.77110709497304
1167,18.33327600001155,-71.74991339998053,53.36357181284539
1168,18.291609300011558,-74.33324879998099,57.90008463623526
1169,18.291609300011558,-74.16658199998096,57.830476125749385
1170,18.291609300011558,-74.12491529998096,58.06827545183725
1171,18.291609300011558,-74.08324859998095,58.37057531564476
1172,18.291609300011558,-74.04158189998094,58.77193948956053
1173,18.291609300011558,-73.99991519998093,59.069189573345334
1174,18.291609300011558,-73.95824849998093,58.988349761111444
1175,18.291609300011558,-73.91658179998092,58.60070463514131
1176,18.291609300011558,-73.87491509998091,58.12329068082385
1177,18.291609300011558,-73.8332483999809,58.13100119540012
1178,18.291609300011558,-73.7915816999809,58.326426505419946
1179,18.291609300011558,-73.74991499998089,58.33155624046996
1180,18.291609300011558,-73.70824829998088,58.339791746707014
1181,18.291609300011558,-73.66658159998087,58.303480134380855
1182,18.291609300011558,-73.62491489998087,58.34840270991107
1183,18.291609300011558,-73.58324819998086,58.44165525047284
1184,18.291609300011558,-73.54158149998085,58.449174316700706
1185,18.291609300011558,-73.49991479998084,58.202280035969935
1186,18.291609300011558,-73.45824809998084,57.49229907978297
1187,18.291609300011558,-73.41658139998083,57.80708561067947
1188,18.291609300011558,-73.37491469998082,57.999745083453156
1189,18.291609300011558,-73.33324799998081,58.300167994571396
1190,18.291609300011558,-73.2915812999808,58.26696974566421
1191,18.291609300011558,-73.2499145999808,58.3513245730155
1192,18.291609300011558,-73.20824789998079,58.69799323422704
1193,18.291609300011558,-73.16658119998078,58.84631306062023
1194,18.291609300011558,-73.12491449998078,58.628720564974834
1195,18.291609300011558,-73.08324779998077,57.88790470627184
1196,18.291609300011558,-73.04158109998076,57.62958321518469
1197,18.291609300011558,-72.99991439998075,57.75763271309806
1198,18.291609300011558,-72.95824769998075,58.05613784136757
1199,18.291609300011558,-72.91658099998074,58.36222187625816
1200,18.291609300011558,-72.87491429998073,58.87782451160218
1201,18.291609300011558,-72.83324759998072,59.27491755675318
1202,18.291609300011558,-72.79158089998072,59.064820064493844
1203,18.291609300011558,-72.74991419998071,58.42546047820853
1204,18.291609300011558,-72.7082474999807,57.756783667764005
1205,18.291609300011558,-72.6665807999807,57.38780161379318
1206,18.291609300011558,-72.62491409998069,57.58449036234802
1207,18.291609300011558,-72.58324739998068,57.40561213132138
1208,18.291609300011558,-72.54158069998067,57.184680622031436
1209,18.291609300011558,-72.49991399998066,56.96100208143231
1210,18.291609300011558,-72.45824729998066,56.463598076689294
1211,18.291609300011558,-72.41658059998065,55.86418451363824
1212,18.291609300011558,-72.37491389998064,55.57264552616382
1213,18.291609300011558,-72.33324719998063,55.51363798975054
1214,18.291609300011558,-72.29158049998063,55.22973651756287
1215,18.291609300011558,-72.24991379998062,55.26763601110366
1216,18.291609300011558,-72.20824709998061,55.39657661602131
1217,18.291609300011558,-72.1665803999806,55.437083553491384
1218,18.291609300011558,-72.1249136999806,55.238429323251594
1219,18.291609300011558,-72.08324699998059,54.822707380300024
1220,18.291609300011558,-72.04158029998058,54.68472051140923
1221,18.291609300011558,-71.99991359998057,54.34213249829801
1222,18.291609300011558,-71.95824689998057,54.27342202800346
1223,18.291609300011558,-71.91658019998056,54.23704190844244
1224,18.291609300011558,-71.87491349998055,54.28148166499689
1225,18.291609300011558,-71.83324679998054,54.47724754714237
1226,18.291609300011558,-71.79158009998054,54.494504181737355
1227,18.291609300011558,-71.74991339998053,54.14515963841125
1228,18.249942600011565,-74.08324859998095,58.479419884837235
1229,18.249942600011565,-74.04158189998094,58.9899366940969
1230,18.249942600011565,-73.99991519998093,59.16491140277869
1231,18.249942600011565,-73.95824849998093,59.03217132344802
1232,18.249942600011565,-73.91658179998092,58.6158339474964
1233,18.249942600011565,-73.87491509998091,58.065201928018126
1234,18.249942600011565,-73.8332483999809,58.13379110898463
1235,18.249942600011565,-73.7915816999809,58.58774180671415
1236,18.249942600011565,-73.74991499998089,58.75948392699909
1237,18.249942600011565,-73.70824829998088,58.93685616476314
1238,18.249942600011565,-73.66658159998087,58.862588004743166
1239,18.249942600011565,-73.62491489998087,58.81484680525832
1240,18.249942600011565,-73.58324819998086,58.738045927081664
1241,18.249942600011565,-73.49991479998084,58.31336179980975
1242,18.249942600011565,-73.2915812999808,58.83663939519977
1243,18.249942600011565,-73.2499145999808,58.95090878988985
1244,18.249942600011565,-73.20824789998079,59.202795147411805
1245,18.249942600011565,-73.16658119998078,59.1417920917863
1246,18.249942600011565,-73.12491449998078,58.77687280747929
1247,18.249942600011565,-73.08324779998077,58.0991569245729
1248,18.249942600011565,-73.04158109998076,58.11043307644527
1249,18.249942600011565,-72.99991439998075,58.44735961140931
1250,18.249942600011565,-72.95824769998075,58.67701600493568
1251,18.249942600011565,-72.91658099998074,58.93542029141516
1252,18.249942600011565,-72.87491429998073,59.25729601918445
1253,18.249942600011565,-72.83324759998072,59.315494220391145
1254,18.249942600011565,-72.79158089998072,58.77888019224018
1255,18.249942600011565,-72.74991419998071,58.177508882888745
1256,18.249942600011565,-72.7082474999807,58.02534964351424
1257,18.249942600011565,-72.6665807999807,57.63866844840868
1258,18.249942600011565,-72.62491409998069,57.453361806971095
1259,18.249942600011565,-72.58324739998068,57.49691341000954
1260,18.249942600011565,-72.54158069998067,57.19493663324256
1261,18.249942600011565,-72.49991399998066,56.784315052469196
1262,18.249942600011565,-72.45824729998066,56.250972539314446
1263,18.249942600011565,-72.41658059998065,55.52649773953791
1264,18.249942600011565,-72.37491389998064,55.856952899106226
1265,18.249942600011565,-72.33324719998063,55.959962887728636
1266,18.249942600011565,-72.29158049998063,55.78729823654455
1267,18.249942600011565,-72.24991379998062,55.39137948081233
1268,18.249942600011565,-72.20824709998061,55.51775045735194
1269,18.249942600011565,-72.1665803999806,55.56044310201239
1270,18.249942600011565,-72.1249136999806,55.44028666819199
1271,18.249942600011565,-72.08324699998059,55.26284878412137
1272,18.249942600011565,-72.04158029998058,54.99253830973305
1273,18.249942600011565,-71.99991359998057,54.721271426659655
1274,18.249942600011565,-71.95824689998057,54.604356086976395
1275,18.249942600011565,-71.91658019998056,54.44020413761163
1276,18.249942600011565,-71.87491349998055,54.567201938043794
1277,18.249942600011565,-71.83324679998054,54.84160292543932
1278,18.249942600011565,-71.79158009998054,54.84021024403925
1279,18.249942600011565,-71.74991339998053,54.67924353244947
1280,18.20827590001157,-74.04158189998094,58.890484636111495
1281,18.20827590001157,-73.99991519998093,59.036776226700795
1282,18.20827590001157,-73.95824849998093,58.73806723597737
1283,18.20827590001157,-73.91658179998092,58.34392845411549
1284,18.20827590001157,-73.87491509998091,58.06356070008041
1285,18.20827590001157,-73.8332483999809,57.90450012536368
1286,18.20827590001157,-73.7915816999809,58.083339043894526
1287,18.20827590001157,-73.74991499998089,58.63375588345116
1288,18.20827590001157,-73.12491449998078,58.818677081942745
1289,18.20827590001157,-73.08324779998077,58.37380833519801
1290,18.20827590001157,-73.04158109998076,58.51456175065429
1291,18.20827590001157,-72.99991439998075,58.92210606136724
1292,18.20827590001157,-72.95824769998075,59.24618018782488
1293,18.20827590001157,-72.91658099998074,59.45776395811523
1294,18.20827590001157,-72.87491429998073,59.76014004389242
1295,18.20827590001157,-72.83324759998072,59.33474527047375
1296,18.20827590001157,-72.79158089998072,58.82161472805595
1297,18.20827590001157,-72.74991419998071,58.40526766146641
1298,18.20827590001157,-72.7082474999807,58.42384935457743
1299,18.20827590001157,-72.6665807999807,58.225536847216034
1300,18.20827590001157,-72.62491409998069,57.821335162845656
1301,18.20827590001157,-72.58324739998068,57.508778027658884
1302,18.20827590001157,-71.99991359998057,54.63851032609361
1303,18.20827590001157,-71.95824689998057,54.42609543116062
1304,18.20827590001157,-71.91658019998056,54.37932442596927
1305,18.20827590001157,-71.87491349998055,54.43912682057788
1306,18.20827590001157,-71.83324679998054,54.80147812044473
1307,18.20827590001157,-71.79158009998054,55.1514622541378
1308,18.166609200011578,-73.95824849998093,58.063776050702906
1309,18.166609200011578,-73.91658179998092,57.574822943526826
1310,18.166609200011578,-73.87491509998091,57.93562583829748
1311,18.166609200011578,-73.8332483999809,58.066743451472995
1312,18.166609200011578,-72.91658099998074,59.96951225357351
1313,18.166609200011578,-72.87491429998073,60.104565419452015
1314,18.166609200011578,-72.83324759998072,59.63519491166974
1315,18.166609200011578,-72.79158089998072,58.8645431931562
1316,18.166609200011578,-71.87491349998055,54.28341750685971
1317,18.166609200011578,-71.83324679998054,54.518624858292306
1318,18.166609200011578,-71.79158009998054,55.027653322048074
1319,18.124942500011585,-73.91658179998092,57.55642025995094
1320,18.124942500011585,-73.87491509998091,57.594535745477046
1321,18.124942500011585,-71.83324679998054,55.07032489360944
1322,18.124942500011585,-71.79158009998054,55.26018185937713
1323,18.08327580001159,-73.91658179998092,57.50596563380721
1324,18.08327580001159,-73.87491509998091,57.533189751395895
1325,18.08327580001159,-73.8332483999809,58.03078756918372
1326,18.08327580001159,-71.79158009998054,55.51879092915944
1327,18.0416091000116,-73.87491509998091,57.561786100693695
1328,18.0416091000116,-73.8332483999809,57.837978886608376
